{"Version":1,"ManifestType":"Publish","Endpoints":[{"Route":"ExpenseManagement.fsjudv93qn.styles.css","AssetFile":"ExpenseManagement.styles.css","Selectors":[],"ResponseHeaders":[{"Name":"Accept-Ranges","Value":"bytes"},{"Name":"Cache-Control","Value":"max-age=31536000, immutable"},{"Name":"Content-Length","Value":"1135"},{"Name":"Content-Type","Value":"text/css"},{"Name":"ETag","Value":"\"Uecank4l5oPZWiuWdcdSQ/ElRLayG8ovgE0s/D1tbrY=\""},{"Name":"Last-Modified","Value":"Fri, 28 Nov 2025 09:25:03 GMT"}],"EndpointProperties":[{"Name":"fingerprint","Value":"fsjudv93qn"},{"Name":"integrity","Value":"sha256-Uecank4l5oPZWiuWdcdSQ/ElRLayG8ovgE0s/D1tbrY="},{"Name":"label","Value":"ExpenseManagement.styles.css"}]},{"Route":"ExpenseManagement.styles.css","AssetFile":"ExpenseManagement.styles.css","Selectors":[],"ResponseHeaders":[{"Name":"Accept-Ranges","Value":"bytes"},{"Name":"Cache-Control","Value":"no-cache"},{"Name":"Content-Length","Value":"1135"},{"Name":"Content-Type","Value":"text/css"},{"Name":"ETag","Value":"\"Uecank4l5oPZWiuWdcdSQ/ElRLayG8ovgE0s/D1tbrY=\""},{"Name":"Last-Modified","Value":"Fri, 28 Nov 2025 09:25:03 GMT"}],"EndpointProperties":[{"Name":"integrity","Value":"sha256-Uecank4l5oPZWiuWdcdSQ/ElRLayG8ovgE0s/D1tbrY="}]},{"Route":"css/site.c2tiyv64ts.css","AssetFile":"css/site.css","Selectors":[],"ResponseHeaders":[{"Name":"Accept-Ranges","Value":"bytes"},{"Name":"Cache-Control","Value":"max-age=31536000, immutable"},{"Name":"Content-Length","Value":"362"},{"Name":"Content-Type","Value":"text/css"},{"Name":"ETag","Value":"\"pAGv4ietcJNk/EwsQZ5BN9+K4MuNYS2a9wl4Jw+q9D0=\""},{"Name":"Last-Modified","Value":"Fri, 28 Nov 2025 08:29:35 GMT"}],"EndpointProperties":[{"Name":"fingerprint","Value":"c2tiyv64ts"},{"Name":"integrity","Value":"sha256-pAGv4ietcJNk/EwsQZ5BN9+K4MuNYS2a9wl4Jw+q9D0="},{"Name":"label","Value":"css/site.css"}]},{"Route":"css/site.css","AssetFile":"css/site.css","Selectors":[],"ResponseHeaders":[{"Name":"Accept-Ranges","Value":"bytes"},{"Name":"Cache-Control","Value":"no-cache"},{"Name":"Content-Length","Value":"362"},{"Name":"Content-Type","Value":"text/css"},{"Name":"ETag","Value":"\"pAGv4ietcJNk/EwsQZ5BN9+K4MuNYS2a9wl4Jw+q9D0=\""},{"Name":"Last-Modified","Value":"Fri, 28 Nov 2025 08:29:35 GMT"}],"EndpointProperties":[{"Name":"integrity","Value":"sha256-pAGv4ietcJNk/EwsQZ5BN9+K4MuNYS2a9wl4Jw+q9D0="}]},{"Route":"favicon.61n19gt1b8.ico","AssetFile":"favicon.ico","Selectors":[],"ResponseHeaders":[{"Name":"Accept-Ranges","Value":"bytes"},{"Name":"Cache-Control","Value":"max-age=31536000, immutable"},{"Name":"Content-Length","Value":"5430"},{"Name":"Content-Type","Value":"image/x-icon"},{"Name":"ETag","Value":"\"Jtxf9L+5ITKRc1gIRl4VbUpGkRNfOBXjYTdhJD4facM=\""},{"Name":"Last-Modified","Value":"Fri, 28 Nov 2025 08:29:35 GMT"}],"EndpointProperties":[{"Name":"fingerprint","Value":"61n19gt1b8"},{"Name":"integrity","Value":"sha256-Jtxf9L+5ITKRc1gIRl4VbUpGkRNfOBXjYTdhJD4facM="},{"Name":"label","Value":"favicon.ico"}]},{"Route":"favicon.ico","AssetFile":"favicon.ico","Selectors":[],"ResponseHeaders":[{"Name":"Accept-Ranges","Value":"bytes"},{"Name":"Cache-Control","Value":"no-cache"},{"Name":"Content-Length","Value":"5430"},{"Name":"Content-Type","Value":"image/x-icon"},{"Name":"ETag","Value":"\"Jtxf9L+5ITKRc1gIRl4VbUpGkRNfOBXjYTdhJD4facM=\""},{"Name":"Last-Modified","Value":"Fri, 28 Nov 2025 08:29:35 GMT"}],"EndpointProperties":[{"Name":"integrity","Value":"sha256-Jtxf9L+5ITKRc1gIRl4VbUpGkRNfOBXjYTdhJD4facM="}]},{"Route":"js/site.js","AssetFile":"js/site.js","Selectors":[],"ResponseHeaders":[{"Name":"Accept-Ranges","Value":"bytes"},{"Name":"Cache-Control","Value":"no-cache"},{"Name":"Content-Length","Value":"231"},{"Name":"Content-Type","Value":"text/javascript"},{"Name":"ETag","Value":"\"hRQyftXiu1lLX2P9Ly9xa4gHJgLeR1uGN5qegUobtGo=\""},{"Name":"Last-Modified","Value":"Fri, 28 Nov 2025 08:29:35 GMT"}],"EndpointProperties":[{"Name":"integrity","Value":"sha256-hRQyftXiu1lLX2P9Ly9xa4gHJgLeR1uGN5qegUobtGo="}]},{"Route":"js/site.xtxxf3hu2r.js","AssetFile":"js/site.js","Selectors":[],"ResponseHeaders":[{"Name":"Accept-Ranges","Value":"bytes"},{"Name":"Cache-Control","Value":"max-age=31536000, immutable"},{"Name":"Content-Length","Value":"231"},{"Name":"Content-Type","Value":"text/javascript"},{"Name":"ETag","Value":"\"hRQyftXiu1lLX2P9Ly9xa4gHJgLeR1uGN5qegUobtGo=\""},{"Name":"Last-Modified","Value":"Fri, 28 Nov 2025 08:29:35 GMT"}],"EndpointProperties":[{"Name":"fingerprint","Value":"xtxxf3hu2r"},{"Name":"integrity","Value":"sha256-hRQyftXiu1lLX2P9Ly9xa4gHJgLeR1uGN5qegUobtGo="},{"Name":"label","Value":"js/site.js"}]},{"Route":"lib/bootstrap/LICENSE","AssetFile":"lib/bootstrap/LICENSE","Selectors":[],"ResponseHeaders":[{"Name":"Accept-Ranges","Value":"bytes"},{"Name":"Cache-Control","Value":"no-cache"},{"Name":"Content-Length","Value":"1153"},{"Name":"Content-Type","Value":"application/octet-stream"},{"Name":"ETag","Value":"\"ZH6pA6BSx6fuHZvdaKph1DwUJ+VSYilIiEQu8ilnvqk=\""},{"Name":"Last-Modified","Value":"Fri, 28 Nov 2025 08:29:35 GMT"}],"EndpointProperties":[{"Name":"integrity","Value":"sha256-ZH6pA6BSx6fuHZvdaKph1DwUJ+VSYilIiEQu8ilnvqk="}]},{"Route":"lib/bootstrap/LICENSE.81b7ukuj9c","AssetFile":"lib/bootstrap/LICENSE","Selectors":[],"ResponseHeaders":[{"Name":"Accept-Ranges","Value":"bytes"},{"Name":"Cache-Control","Value":"max-age=31536000, immutable"},{"Name":"Content-Length","Value":"1153"},{"Name":"Content-Type","Value":"application/octet-stream"},{"Name":"ETag","Value":"\"ZH6pA6BSx6fuHZvdaKph1DwUJ+VSYilIiEQu8ilnvqk=\""},{"Name":"Last-Modified","Value":"Fri, 28 Nov 2025 08:29:35 GMT"}],"EndpointProperties":[{"Name":"fingerprint","Value":"81b7ukuj9c"},{"Name":"integrity","Value":"sha256-ZH6pA6BSx6fuHZvdaKph1DwUJ+VSYilIiEQu8ilnvqk="},{"Name":"label","Value":"lib/bootstrap/LICENSE"}]},{"Route":"lib/bootstrap/dist/css/bootstrap-grid.css","AssetFile":"lib/bootstrap/dist/css/bootstrap-grid.css","Selectors":[],"ResponseHeaders":[{"Name":"Accept-Ranges","Value":"bytes"},{"Name":"Cache-Control","Value":"no-cache"},{"Name":"Content-Length","Value":"75534"},{"Name":"Content-Type","Value":"text/css"},{"Name":"ETag","Value":"\"P4Ski6RrsG4nxKfPqaVoyRMoesl9UzArmfT+4fLqKHY=\""},{"Name":"Last-Modified","Value":"Fri, 28 Nov 2025 08:29:35 GMT"}],"EndpointProperties":[{"Name":"integrity","Value":"sha256-P4Ski6RrsG4nxKfPqaVoyRMoesl9UzArmfT+4fLqKHY="}]},{"Route":"lib/bootstrap/dist/css/bootstrap-grid.css.map","AssetFile":"lib/bootstrap/dist/css/bootstrap-grid.css.map","Selectors":[],"ResponseHeaders":[{"Name":"Accept-Ranges","Value":"bytes"},{"Name":"Cache-Control","Value":"no-cache"},{"Name":"Content-Length","Value":"196535"},{"Name":"Content-Type","Value":"text/plain"},{"Name":"ETag","Value":"\"QO8cMbVkLiktUX1cHeXSUSe5nXMXUgyL9cjwnMyxPqc=\""},{"Name":"Last-Modified","Value":"Fri, 28 Nov 2025 08:29:35 GMT"}],"EndpointProperties":[{"Name":"integrity","Value":"sha256-QO8cMbVkLiktUX1cHeXSUSe5nXMXUgyL9cjwnMyxPqc="}]},{"Route":"lib/bootstrap/dist/css/bootstrap-grid.css.st1cbwfwo5.map","AssetFile":"lib/bootstrap/dist/css/bootstrap-grid.css.map","Selectors":[],"ResponseHeaders":[{"Name":"Accept-Ranges","Value":"bytes"},{"Name":"Cache-Control","Value":"max-age=31536000, immutable"},{"Name":"Content-Length","Value":"196535"},{"Name":"Content-Type","Value":"text/plain"},{"Name":"ETag","Value":"\"QO8cMbVkLiktUX1cHeXSUSe5nXMXUgyL9cjwnMyxPqc=\""},{"Name":"Last-Modified","Value":"Fri, 28 Nov 2025 08:29:35 GMT"}],"EndpointProperties":[{"Name":"fingerprint","Value":"st1cbwfwo5"},{"Name":"integrity","Value":"sha256-QO8cMbVkLiktUX1cHeXSUSe5nXMXUgyL9cjwnMyxPqc="},{"Name":"label","Value":"lib/bootstrap/dist/css/bootstrap-grid.css.map"}]},{"Route":"lib/bootstrap/dist/css/bootstrap-grid.min.5p029spbuu.css","AssetFile":"lib/bootstrap/dist/css/bootstrap-grid.min.css","Selectors":[],"ResponseHeaders":[{"Name":"Accept-Ranges","Value":"bytes"},{"Name":"Cache-Control","Value":"max-age=31536000, immutable"},{"Name":"Content-Length","Value":"51325"},{"Name":"Content-Type","Value":"text/css"},{"Name":"ETag","Value":"\"96ayIUEnpKr7n5BIsFK5vJ3qXMXFgvRl9/CBcHs6/Ts=\""},{"Name":"Last-Modified","Value":"Fri, 28 Nov 2025 08:29:35 GMT"}],"EndpointProperties":[{"Name":"fingerprint","Value":"5p029spbuu"},{"Name":"integrity","Value":"sha256-96ayIUEnpKr7n5BIsFK5vJ3qXMXFgvRl9/CBcHs6/Ts="},{"Name":"label","Value":"lib/bootstrap/dist/css/bootstrap-grid.min.css"}]},{"Route":"lib/bootstrap/dist/css/bootstrap-grid.min.css","AssetFile":"lib/bootstrap/dist/css/bootstrap-grid.min.css","Selectors":[],"ResponseHeaders":[{"Name":"Accept-Ranges","Value":"bytes"},{"Name":"Cache-Control","Value":"no-cache"},{"Name":"Content-Length","Value":"51325"},{"Name":"Content-Type","Value":"text/css"},{"Name":"ETag","Value":"\"96ayIUEnpKr7n5BIsFK5vJ3qXMXFgvRl9/CBcHs6/Ts=\""},{"Name":"Last-Modified","Value":"Fri, 28 Nov 2025 08:29:35 GMT"}],"EndpointProperties":[{"Name":"integrity","Value":"sha256-96ayIUEnpKr7n5BIsFK5vJ3qXMXFgvRl9/CBcHs6/Ts="}]},{"Route":"lib/bootstrap/dist/css/bootstrap-grid.min.css.5vj65cig9w.map","AssetFile":"lib/bootstrap/dist/css/bootstrap-grid.min.css.map","Selectors":[],"ResponseHeaders":[{"Name":"Accept-Ranges","Value":"bytes"},{"Name":"Cache-Control","Value":"max-age=31536000, immutable"},{"Name":"Content-Length","Value":"117439"},{"Name":"Content-Type","Value":"text/plain"},{"Name":"ETag","Value":"\"72C/qDCGu+OwWeVA03bf9Ke0T8oIozCub0lfJkhzhvE=\""},{"Name":"Last-Modified","Value":"Fri, 28 Nov 2025 08:29:35 GMT"}],"EndpointProperties":[{"Name":"fingerprint","Value":"5vj65cig9w"},{"Name":"integrity","Value":"sha256-72C/qDCGu+OwWeVA03bf9Ke0T8oIozCub0lfJkhzhvE="},{"Name":"label","Value":"lib/bootstrap/dist/css/bootstrap-grid.min.css.map"}]},{"Route":"lib/bootstrap/dist/css/bootstrap-grid.min.css.map","AssetFile":"lib/bootstrap/dist/css/bootstrap-grid.min.css.map","Selectors":[],"ResponseHeaders":[{"Name":"Accept-Ranges","Value":"bytes"},{"Name":"Cache-Control","Value":"no-cache"},{"Name":"Content-Length","Value":"117439"},{"Name":"Content-Type","Value":"text/plain"},{"Name":"ETag","Value":"\"72C/qDCGu+OwWeVA03bf9Ke0T8oIozCub0lfJkhzhvE=\""},{"Name":"Last-Modified","Value":"Fri, 28 Nov 2025 08:29:35 GMT"}],"EndpointProperties":[{"Name":"integrity","Value":"sha256-72C/qDCGu+OwWeVA03bf9Ke0T8oIozCub0lfJkhzhvE="}]},{"Route":"lib/bootstrap/dist/css/bootstrap-grid.nakmwdwsxp.css","AssetFile":"lib/bootstrap/dist/css/bootstrap-grid.css","Selectors":[],"ResponseHeaders":[{"Name":"Accept-Ranges","Value":"bytes"},{"Name":"Cache-Control","Value":"max-age=31536000, immutable"},{"Name":"Content-Length","Value":"75534"},{"Name":"Content-Type","Value":"text/css"},{"Name":"ETag","Value":"\"P4Ski6RrsG4nxKfPqaVoyRMoesl9UzArmfT+4fLqKHY=\""},{"Name":"Last-Modified","Value":"Fri, 28 Nov 2025 08:29:35 GMT"}],"EndpointProperties":[{"Name":"fingerprint","Value":"nakmwdwsxp"},{"Name":"integrity","Value":"sha256-P4Ski6RrsG4nxKfPqaVoyRMoesl9UzArmfT+4fLqKHY="},{"Name":"label","Value":"lib/bootstrap/dist/css/bootstrap-grid.css"}]},{"Route":"lib/bootstrap/dist/css/bootstrap-grid.rtl.css","AssetFile":"lib/bootstrap/dist/css/bootstrap-grid.rtl.css","Selectors":[],"ResponseHeaders":[{"Name":"Accept-Ranges","Value":"bytes"},{"Name":"Cache-Control","Value":"no-cache"},{"Name":"Content-Length","Value":"75607"},{"Name":"Content-Type","Value":"text/css"},{"Name":"ETag","Value":"\"+ugQREUkP4Wnp1VX2L2lvw0Q2mgKYvYAZr1c2or+ysM=\""},{"Name":"Last-Modified","Value":"Fri, 28 Nov 2025 08:29:35 GMT"}],"EndpointProperties":[{"Name":"integrity","Value":"sha256-+ugQREUkP4Wnp1VX2L2lvw0Q2mgKYvYAZr1c2or+ysM="}]},{"Route":"lib/bootstrap/dist/css/bootstrap-grid.rtl.css.2q4vfeazbq.map","AssetFile":"lib/bootstrap/dist/css/bootstrap-grid.rtl.css.map","Selectors":[],"ResponseHeaders":[{"Name":"Accept-Ranges","Value":"bytes"},{"Name":"Cache-Control","Value":"max-age=31536000, immutable"},{"Name":"Content-Length","Value":"196539"},{"Name":"Content-Type","Value":"text/plain"},{"Name":"ETag","Value":"\"qvA39OMlEs53jaewqVFmE8DQQrio47bZtlTs+Wu6U8g=\""},{"Name":"Last-Modified","Value":"Fri, 28 Nov 2025 08:29:35 GMT"}],"EndpointProperties":[{"Name":"fingerprint","Value":"2q4vfeazbq"},{"Name":"integrity","Value":"sha256-qvA39OMlEs53jaewqVFmE8DQQrio47bZtlTs+Wu6U8g="},{"Name":"label","Value":"lib/bootstrap/dist/css/bootstrap-grid.rtl.css.map"}]},{"Route":"lib/bootstrap/dist/css/bootstrap-grid.rtl.css.map","AssetFile":"lib/bootstrap/dist/css/bootstrap-grid.rtl.css.map","Selectors":[],"ResponseHeaders":[{"Name":"Accept-Ranges","Value":"bytes"},{"Name":"Cache-Control","Value":"no-cache"},{"Name":"Content-Length","Value":"196539"},{"Name":"Content-Type","Value":"text/plain"},{"Name":"ETag","Value":"\"qvA39OMlEs53jaewqVFmE8DQQrio47bZtlTs+Wu6U8g=\""},{"Name":"Last-Modified","Value":"Fri, 28 Nov 2025 08:29:35 GMT"}],"EndpointProperties":[{"Name":"integrity","Value":"sha256-qvA39OMlEs53jaewqVFmE8DQQrio47bZtlTs+Wu6U8g="}]},{"Route":"lib/bootstrap/dist/css/bootstrap-grid.rtl.e6q6xbwqzk.css","AssetFile":"lib/bootstrap/dist/css/bootstrap-grid.rtl.css","Selectors":[],"ResponseHeaders":[{"Name":"Accept-Ranges","Value":"bytes"},{"Name":"Cache-Control","Value":"max-age=31536000, immutable"},{"Name":"Content-Length","Value":"75607"},{"Name":"Content-Type","Value":"text/css"},{"Name":"ETag","Value":"\"+ugQREUkP4Wnp1VX2L2lvw0Q2mgKYvYAZr1c2or+ysM=\""},{"Name":"Last-Modified","Value":"Fri, 28 Nov 2025 08:29:35 GMT"}],"EndpointProperties":[{"Name":"fingerprint","Value":"e6q6xbwqzk"},{"Name":"integrity","Value":"sha256-+ugQREUkP4Wnp1VX2L2lvw0Q2mgKYvYAZr1c2or+ysM="},{"Name":"label","Value":"lib/bootstrap/dist/css/bootstrap-grid.rtl.css"}]},{"Route":"lib/bootstrap/dist/css/bootstrap-grid.rtl.min.css","AssetFile":"lib/bootstrap/dist/css/bootstrap-grid.rtl.min.css","Selectors":[],"ResponseHeaders":[{"Name":"Accept-Ranges","Value":"bytes"},{"Name":"Cache-Control","Value":"no-cache"},{"Name":"Content-Length","Value":"51400"},{"Name":"Content-Type","Value":"text/css"},{"Name":"ETag","Value":"\"9eX2dpELXvYs+6il2MHwf5OOPVOZjxVK1b1GWgL0B0k=\""},{"Name":"Last-Modified","Value":"Fri, 28 Nov 2025 08:29:35 GMT"}],"EndpointProperties":[{"Name":"integrity","Value":"sha256-9eX2dpELXvYs+6il2MHwf5OOPVOZjxVK1b1GWgL0B0k="}]},{"Route":"lib/bootstrap/dist/css/bootstrap-grid.rtl.min.css.map","AssetFile":"lib/bootstrap/dist/css/bootstrap-grid.rtl.min.css.map","Selectors":[],"ResponseHeaders":[{"Name":"Accept-Ranges","Value":"bytes"},{"Name":"Cache-Control","Value":"no-cache"},{"Name":"Content-Length","Value":"117516"},{"Name":"Content-Type","Value":"text/plain"},{"Name":"ETag","Value":"\"NDSZjIiMPRIoO7/w7+jHef8retP4riQa8PMj4BVRGok=\""},{"Name":"Last-Modified","Value":"Fri, 28 Nov 2025 08:29:35 GMT"}],"EndpointProperties":[{"Name":"integrity","Value":"sha256-NDSZjIiMPRIoO7/w7+jHef8retP4riQa8PMj4BVRGok="}]},{"Route":"lib/bootstrap/dist/css/bootstrap-grid.rtl.min.css.o371a8zbv2.map","AssetFile":"lib/bootstrap/dist/css/bootstrap-grid.rtl.min.css.map","Selectors":[],"ResponseHeaders":[{"Name":"Accept-Ranges","Value":"bytes"},{"Name":"Cache-Control","Value":"max-age=31536000, immutable"},{"Name":"Content-Length","Value":"117516"},{"Name":"Content-Type","Value":"text/plain"},{"Name":"ETag","Value":"\"NDSZjIiMPRIoO7/w7+jHef8retP4riQa8PMj4BVRGok=\""},{"Name":"Last-Modified","Value":"Fri, 28 Nov 2025 08:29:35 GMT"}],"EndpointProperties":[{"Name":"fingerprint","Value":"o371a8zbv2"},{"Name":"integrity","Value":"sha256-NDSZjIiMPRIoO7/w7+jHef8retP4riQa8PMj4BVRGok="},{"Name":"label","Value":"lib/bootstrap/dist/css/bootstrap-grid.rtl.min.css.map"}]},{"Route":"lib/bootstrap/dist/css/bootstrap-grid.rtl.min.dy6jgresuo.css","AssetFile":"lib/bootstrap/dist/css/bootstrap-grid.rtl.min.css","Selectors":[],"ResponseHeaders":[{"Name":"Accept-Ranges","Value":"bytes"},{"Name":"Cache-Control","Value":"max-age=31536000, immutable"},{"Name":"Content-Length","Value":"51400"},{"Name":"Content-Type","Value":"text/css"},{"Name":"ETag","Value":"\"9eX2dpELXvYs+6il2MHwf5OOPVOZjxVK1b1GWgL0B0k=\""},{"Name":"Last-Modified","Value":"Fri, 28 Nov 2025 08:29:35 GMT"}],"EndpointProperties":[{"Name":"fingerprint","Value":"dy6jgresuo"},{"Name":"integrity","Value":"sha256-9eX2dpELXvYs+6il2MHwf5OOPVOZjxVK1b1GWgL0B0k="},{"Name":"label","Value":"lib/bootstrap/dist/css/bootstrap-grid.rtl.min.css"}]},{"Route":"lib/bootstrap/dist/css/bootstrap-reboot.css","AssetFile":"lib/bootstrap/dist/css/bootstrap-reboot.css","Selectors":[],"ResponseHeaders":[{"Name":"Accept-Ranges","Value":"bytes"},{"Name":"Cache-Control","Value":"no-cache"},{"Name":"Content-Length","Value":"6276"},{"Name":"Content-Type","Value":"text/css"},{"Name":"ETag","Value":"\"Jtl65EICD4ds6dQZbx1ongvMXj8D127HCg5XRBXXYGw=\""},{"Name":"Last-Modified","Value":"Fri, 28 Nov 2025 08:29:35 GMT"}],"EndpointProperties":[{"Name":"integrity","Value":"sha256-Jtl65EICD4ds6dQZbx1ongvMXj8D127HCg5XRBXXYGw="}]},{"Route":"lib/bootstrap/dist/css/bootstrap-reboot.css.jeal3x0ldm.map","AssetFile":"lib/bootstrap/dist/css/bootstrap-reboot.css.map","Selectors":[],"ResponseHeaders":[{"Name":"Accept-Ranges","Value":"bytes"},{"Name":"Cache-Control","Value":"max-age=31536000, immutable"},{"Name":"Content-Length","Value":"105138"},{"Name":"Content-Type","Value":"text/plain"},{"Name":"ETag","Value":"\"FZG0KxbNqITUi4QY7QvPFRS/TccntMfFWfSTdHN/pws=\""},{"Name":"Last-Modified","Value":"Fri, 28 Nov 2025 08:29:35 GMT"}],"EndpointProperties":[{"Name":"fingerprint","Value":"jeal3x0ldm"},{"Name":"integrity","Value":"sha256-FZG0KxbNqITUi4QY7QvPFRS/TccntMfFWfSTdHN/pws="},{"Name":"label","Value":"lib/bootstrap/dist/css/bootstrap-reboot.css.map"}]},{"Route":"lib/bootstrap/dist/css/bootstrap-reboot.css.map","AssetFile":"lib/bootstrap/dist/css/bootstrap-reboot.css.map","Selectors":[],"ResponseHeaders":[{"Name":"Accept-Ranges","Value":"bytes"},{"Name":"Cache-Control","Value":"no-cache"},{"Name":"Content-Length","Value":"105138"},{"Name":"Content-Type","Value":"text/plain"},{"Name":"ETag","Value":"\"FZG0KxbNqITUi4QY7QvPFRS/TccntMfFWfSTdHN/pws=\""},{"Name":"Last-Modified","Value":"Fri, 28 Nov 2025 08:29:35 GMT"}],"EndpointProperties":[{"Name":"integrity","Value":"sha256-FZG0KxbNqITUi4QY7QvPFRS/TccntMfFWfSTdHN/pws="}]},{"Route":"lib/bootstrap/dist/css/bootstrap-reboot.min.css","AssetFile":"lib/bootstrap/dist/css/bootstrap-reboot.min.css","Selectors":[],"ResponseHeaders":[{"Name":"Accept-Ranges","Value":"bytes"},{"Name":"Cache-Control","Value":"no-cache"},{"Name":"Content-Length","Value":"4653"},{"Name":"Content-Type","Value":"text/css"},{"Name":"ETag","Value":"\"359CMPAICGkV+zve4A4HJMha3bwqTFTjl+QC1KJK5DQ=\""},{"Name":"Last-Modified","Value":"Fri, 28 Nov 2025 08:29:35 GMT"}],"EndpointProperties":[{"Name":"integrity","Value":"sha256-359CMPAICGkV+zve4A4HJMha3bwqTFTjl+QC1KJK5DQ="}]},{"Route":"lib/bootstrap/dist/css/bootstrap-reboot.min.css.map","AssetFile":"lib/bootstrap/dist/css/bootstrap-reboot.min.css.map","Selectors":[],"ResponseHeaders":[{"Name":"Accept-Ranges","Value":"bytes"},{"Name":"Cache-Control","Value":"no-cache"},{"Name":"Content-Length","Value":"35330"},{"Name":"Content-Type","Value":"text/plain"},{"Name":"ETag","Value":"\"2BbRsE/+czX1ufmDPGpnEieC9u6I3m5BKNDSX1ob3lg=\""},{"Name":"Last-Modified","Value":"Fri, 28 Nov 2025 08:29:35 GMT"}],"EndpointProperties":[{"Name":"integrity","Value":"sha256-2BbRsE/+czX1ufmDPGpnEieC9u6I3m5BKNDSX1ob3lg="}]},{"Route":"lib/bootstrap/dist/css/bootstrap-reboot.min.css.okkk44j0xs.map","AssetFile":"lib/bootstrap/dist/css/bootstrap-reboot.min.css.map","Selectors":[],"ResponseHeaders":[{"Name":"Accept-Ranges","Value":"bytes"},{"Name":"Cache-Control","Value":"max-age=31536000, immutable"},{"Name":"Content-Length","Value":"35330"},{"Name":"Content-Type","Value":"text/plain"},{"Name":"ETag","Value":"\"2BbRsE/+czX1ufmDPGpnEieC9u6I3m5BKNDSX1ob3lg=\""},{"Name":"Last-Modified","Value":"Fri, 28 Nov 2025 08:29:35 GMT"}],"EndpointProperties":[{"Name":"fingerprint","Value":"okkk44j0xs"},{"Name":"integrity","Value":"sha256-2BbRsE/+czX1ufmDPGpnEieC9u6I3m5BKNDSX1ob3lg="},{"Name":"label","Value":"lib/bootstrap/dist/css/bootstrap-reboot.min.css.map"}]},{"Route":"lib/bootstrap/dist/css/bootstrap-reboot.min.z7kmom2977.css","AssetFile":"lib/bootstrap/dist/css/bootstrap-reboot.min.css","Selectors":[],"ResponseHeaders":[{"Name":"Accept-Ranges","Value":"bytes"},{"Name":"Cache-Control","Value":"max-age=31536000, immutable"},{"Name":"Content-Length","Value":"4653"},{"Name":"Content-Type","Value":"text/css"},{"Name":"ETag","Value":"\"359CMPAICGkV+zve4A4HJMha3bwqTFTjl+QC1KJK5DQ=\""},{"Name":"Last-Modified","Value":"Fri, 28 Nov 2025 08:29:35 GMT"}],"EndpointProperties":[{"Name":"fingerprint","Value":"z7kmom2977"},{"Name":"integrity","Value":"sha256-359CMPAICGkV+zve4A4HJMha3bwqTFTjl+QC1KJK5DQ="},{"Name":"label","Value":"lib/bootstrap/dist/css/bootstrap-reboot.min.css"}]},{"Route":"lib/bootstrap/dist/css/bootstrap-reboot.mk8rdyw69w.css","AssetFile":"lib/bootstrap/dist/css/bootstrap-reboot.css","Selectors":[],"ResponseHeaders":[{"Name":"Accept-Ranges","Value":"bytes"},{"Name":"Cache-Control","Value":"max-age=31536000, immutable"},{"Name":"Content-Length","Value":"6276"},{"Name":"Content-Type","Value":"text/css"},{"Name":"ETag","Value":"\"Jtl65EICD4ds6dQZbx1ongvMXj8D127HCg5XRBXXYGw=\""},{"Name":"Last-Modified","Value":"Fri, 28 Nov 2025 08:29:35 GMT"}],"EndpointProperties":[{"Name":"fingerprint","Value":"mk8rdyw69w"},{"Name":"integrity","Value":"sha256-Jtl65EICD4ds6dQZbx1ongvMXj8D127HCg5XRBXXYGw="},{"Name":"label","Value":"lib/bootstrap/dist/css/bootstrap-reboot.css"}]},{"Route":"lib/bootstrap/dist/css/bootstrap-reboot.rtl.97yrjpyf9r.css","AssetFile":"lib/bootstrap/dist/css/bootstrap-reboot.rtl.css","Selectors":[],"ResponseHeaders":[{"Name":"Accept-Ranges","Value":"bytes"},{"Name":"Cache-Control","Value":"max-age=31536000, immutable"},{"Name":"Content-Length","Value":"6250"},{"Name":"Content-Type","Value":"text/css"},{"Name":"ETag","Value":"\"G0PQCDL7ETO6rITRlBIHDKvvSuJFn5p6h+WmbPX5xr4=\""},{"Name":"Last-Modified","Value":"Fri, 28 Nov 2025 08:29:35 GMT"}],"EndpointProperties":[{"Name":"fingerprint","Value":"97yrjpyf9r"},{"Name":"integrity","Value":"sha256-G0PQCDL7ETO6rITRlBIHDKvvSuJFn5p6h+WmbPX5xr4="},{"Name":"label","Value":"lib/bootstrap/dist/css/bootstrap-reboot.rtl.css"}]},{"Route":"lib/bootstrap/dist/css/bootstrap-reboot.rtl.css","AssetFile":"lib/bootstrap/dist/css/bootstrap-reboot.rtl.css","Selectors":[],"ResponseHeaders":[{"Name":"Accept-Ranges","Value":"bytes"},{"Name":"Cache-Control","Value":"no-cache"},{"Name":"Content-Length","Value":"6250"},{"Name":"Content-Type","Value":"text/css"},{"Name":"ETag","Value":"\"G0PQCDL7ETO6rITRlBIHDKvvSuJFn5p6h+WmbPX5xr4=\""},{"Name":"Last-Modified","Value":"Fri, 28 Nov 2025 08:29:35 GMT"}],"EndpointProperties":[{"Name":"integrity","Value":"sha256-G0PQCDL7ETO6rITRlBIHDKvvSuJFn5p6h+WmbPX5xr4="}]},{"Route":"lib/bootstrap/dist/css/bootstrap-reboot.rtl.css.cwzlr5n8x4.map","AssetFile":"lib/bootstrap/dist/css/bootstrap-reboot.rtl.css.map","Selectors":[],"ResponseHeaders":[{"Name":"Accept-Ranges","Value":"bytes"},{"Name":"Cache-Control","Value":"max-age=31536000, immutable"},{"Name":"Content-Length","Value":"105151"},{"Name":"Content-Type","Value":"text/plain"},{"Name":"ETag","Value":"\"/EdWHN6t5XYPplC88vixGfrBvfEii19kAssb+0YBVU8=\""},{"Name":"Last-Modified","Value":"Fri, 28 Nov 2025 08:29:35 GMT"}],"EndpointProperties":[{"Name":"fingerprint","Value":"cwzlr5n8x4"},{"Name":"integrity","Value":"sha256-/EdWHN6t5XYPplC88vixGfrBvfEii19kAssb+0YBVU8="},{"Name":"label","Value":"lib/bootstrap/dist/css/bootstrap-reboot.rtl.css.map"}]},{"Route":"lib/bootstrap/dist/css/bootstrap-reboot.rtl.css.map","AssetFile":"lib/bootstrap/dist/css/bootstrap-reboot.rtl.css.map","Selectors":[],"ResponseHeaders":[{"Name":"Accept-Ranges","Value":"bytes"},{"Name":"Cache-Control","Value":"no-cache"},{"Name":"Content-Length","Value":"105151"},{"Name":"Content-Type","Value":"text/plain"},{"Name":"ETag","Value":"\"/EdWHN6t5XYPplC88vixGfrBvfEii19kAssb+0YBVU8=\""},{"Name":"Last-Modified","Value":"Fri, 28 Nov 2025 08:29:35 GMT"}],"EndpointProperties":[{"Name":"integrity","Value":"sha256-/EdWHN6t5XYPplC88vixGfrBvfEii19kAssb+0YBVU8="}]},{"Route":"lib/bootstrap/dist/css/bootstrap-reboot.rtl.min.css","AssetFile":"lib/bootstrap/dist/css/bootstrap-reboot.rtl.min.css","Selectors":[],"ResponseHeaders":[{"Name":"Accept-Ranges","Value":"bytes"},{"Name":"Cache-Control","Value":"no-cache"},{"Name":"Content-Length","Value":"4725"},{"Name":"Content-Type","Value":"text/css"},{"Name":"ETag","Value":"\"BnHmEJpgor1n0UuwNdXG2VhHdV1r9MibuqBVHsgp9a8=\""},{"Name":"Last-Modified","Value":"Fri, 28 Nov 2025 08:29:35 GMT"}],"EndpointProperties":[{"Name":"integrity","Value":"sha256-BnHmEJpgor1n0UuwNdXG2VhHdV1r9MibuqBVHsgp9a8="}]},{"Route":"lib/bootstrap/dist/css/bootstrap-reboot.rtl.min.css.map","AssetFile":"lib/bootstrap/dist/css/bootstrap-reboot.rtl.min.css.map","Selectors":[],"ResponseHeaders":[{"Name":"Accept-Ranges","Value":"bytes"},{"Name":"Cache-Control","Value":"no-cache"},{"Name":"Content-Length","Value":"41570"},{"Name":"Content-Type","Value":"text/plain"},{"Name":"ETag","Value":"\"GMDk5pA5dFkOimkBAWeEjYZ+7lgHPS0jYln6p/WJVYs=\""},{"Name":"Last-Modified","Value":"Fri, 28 Nov 2025 08:29:35 GMT"}],"EndpointProperties":[{"Name":"integrity","Value":"sha256-GMDk5pA5dFkOimkBAWeEjYZ+7lgHPS0jYln6p/WJVYs="}]},{"Route":"lib/bootstrap/dist/css/bootstrap-reboot.rtl.min.css.wmug9u23qg.map","AssetFile":"lib/bootstrap/dist/css/bootstrap-reboot.rtl.min.css.map","Selectors":[],"ResponseHeaders":[{"Name":"Accept-Ranges","Value":"bytes"},{"Name":"Cache-Control","Value":"max-age=31536000, immutable"},{"Name":"Content-Length","Value":"41570"},{"Name":"Content-Type","Value":"text/plain"},{"Name":"ETag","Value":"\"GMDk5pA5dFkOimkBAWeEjYZ+7lgHPS0jYln6p/WJVYs=\""},{"Name":"Last-Modified","Value":"Fri, 28 Nov 2025 08:29:35 GMT"}],"EndpointProperties":[{"Name":"fingerprint","Value":"wmug9u23qg"},{"Name":"integrity","Value":"sha256-GMDk5pA5dFkOimkBAWeEjYZ+7lgHPS0jYln6p/WJVYs="},{"Name":"label","Value":"lib/bootstrap/dist/css/bootstrap-reboot.rtl.min.css.map"}]},{"Route":"lib/bootstrap/dist/css/bootstrap-reboot.rtl.min.y53cy5s2zj.css","AssetFile":"lib/bootstrap/dist/css/bootstrap-reboot.rtl.min.css","Selectors":[],"ResponseHeaders":[{"Name":"Accept-Ranges","Value":"bytes"},{"Name":"Cache-Control","Value":"max-age=31536000, immutable"},{"Name":"Content-Length","Value":"4725"},{"Name":"Content-Type","Value":"text/css"},{"Name":"ETag","Value":"\"BnHmEJpgor1n0UuwNdXG2VhHdV1r9MibuqBVHsgp9a8=\""},{"Name":"Last-Modified","Value":"Fri, 28 Nov 2025 08:29:35 GMT"}],"EndpointProperties":[{"Name":"fingerprint","Value":"y53cy5s2zj"},{"Name":"integrity","Value":"sha256-BnHmEJpgor1n0UuwNdXG2VhHdV1r9MibuqBVHsgp9a8="},{"Name":"label","Value":"lib/bootstrap/dist/css/bootstrap-reboot.rtl.min.css"}]},{"Route":"lib/bootstrap/dist/css/bootstrap-utilities.css","AssetFile":"lib/bootstrap/dist/css/bootstrap-utilities.css","Selectors":[],"ResponseHeaders":[{"Name":"Accept-Ranges","Value":"bytes"},{"Name":"Cache-Control","Value":"no-cache"},{"Name":"Content-Length","Value":"76449"},{"Name":"Content-Type","Value":"text/css"},{"Name":"ETag","Value":"\"mcVOHRq7FsWaycSfboGsTpzuQZ3cIOR/GDHYxL6q2Yg=\""},{"Name":"Last-Modified","Value":"Fri, 28 Nov 2025 08:29:35 GMT"}],"EndpointProperties":[{"Name":"integrity","Value":"sha256-mcVOHRq7FsWaycSfboGsTpzuQZ3cIOR/GDHYxL6q2Yg="}]},{"Route":"lib/bootstrap/dist/css/bootstrap-utilities.css.j75batdsum.map","AssetFile":"lib/bootstrap/dist/css/bootstrap-utilities.css.map","Selectors":[],"ResponseHeaders":[{"Name":"Accept-Ranges","Value":"bytes"},{"Name":"Cache-Control","Value":"max-age=31536000, immutable"},{"Name":"Content-Length","Value":"192271"},{"Name":"Content-Type","Value":"text/plain"},{"Name":"ETag","Value":"\"4WIqPof/vrXYO/jeJ4fDOQKUYWIwe64V3d+9/qNju20=\""},{"Name":"Last-Modified","Value":"Fri, 28 Nov 2025 08:29:35 GMT"}],"EndpointProperties":[{"Name":"fingerprint","Value":"j75batdsum"},{"Name":"integrity","Value":"sha256-4WIqPof/vrXYO/jeJ4fDOQKUYWIwe64V3d+9/qNju20="},{"Name":"label","Value":"lib/bootstrap/dist/css/bootstrap-utilities.css.map"}]},{"Route":"lib/bootstrap/dist/css/bootstrap-utilities.css.map","AssetFile":"lib/bootstrap/dist/css/bootstrap-utilities.css.map","Selectors":[],"ResponseHeaders":[{"Name":"Accept-Ranges","Value":"bytes"},{"Name":"Cache-Control","Value":"no-cache"},{"Name":"Content-Length","Value":"192271"},{"Name":"Content-Type","Value":"text/plain"},{"Name":"ETag","Value":"\"4WIqPof/vrXYO/jeJ4fDOQKUYWIwe64V3d+9/qNju20=\""},{"Name":"Last-Modified","Value":"Fri, 28 Nov 2025 08:29:35 GMT"}],"EndpointProperties":[{"Name":"integrity","Value":"sha256-4WIqPof/vrXYO/jeJ4fDOQKUYWIwe64V3d+9/qNju20="}]},{"Route":"lib/bootstrap/dist/css/bootstrap-utilities.min.2yn17lgxub.css","AssetFile":"lib/bootstrap/dist/css/bootstrap-utilities.min.css","Selectors":[],"ResponseHeaders":[{"Name":"Accept-Ranges","Value":"bytes"},{"Name":"Cache-Control","Value":"max-age=31536000, immutable"},{"Name":"Content-Length","Value":"53485"},{"Name":"Content-Type","Value":"text/css"},{"Name":"ETag","Value":"\"ekoF4YNq4OUU4BoZ6FG2LTKD68LJvW49arNgykHOZfM=\""},{"Name":"Last-Modified","Value":"Fri, 28 Nov 2025 08:29:35 GMT"}],"EndpointProperties":[{"Name":"fingerprint","Value":"2yn17lgxub"},{"Name":"integrity","Value":"sha256-ekoF4YNq4OUU4BoZ6FG2LTKD68LJvW49arNgykHOZfM="},{"Name":"label","Value":"lib/bootstrap/dist/css/bootstrap-utilities.min.css"}]},{"Route":"lib/bootstrap/dist/css/bootstrap-utilities.min.css","AssetFile":"lib/bootstrap/dist/css/bootstrap-utilities.min.css","Selectors":[],"ResponseHeaders":[{"Name":"Accept-Ranges","Value":"bytes"},{"Name":"Cache-Control","Value":"no-cache"},{"Name":"Content-Length","Value":"53485"},{"Name":"Content-Type","Value":"text/css"},{"Name":"ETag","Value":"\"ekoF4YNq4OUU4BoZ6FG2LTKD68LJvW49arNgykHOZfM=\""},{"Name":"Last-Modified","Value":"Fri, 28 Nov 2025 08:29:35 GMT"}],"EndpointProperties":[{"Name":"integrity","Value":"sha256-ekoF4YNq4OUU4BoZ6FG2LTKD68LJvW49arNgykHOZfM="}]},{"Route":"lib/bootstrap/dist/css/bootstrap-utilities.min.css.map","AssetFile":"lib/bootstrap/dist/css/bootstrap-utilities.min.css.map","Selectors":[],"ResponseHeaders":[{"Name":"Accept-Ranges","Value":"bytes"},{"Name":"Cache-Control","Value":"no-cache"},{"Name":"Content-Length","Value":"111875"},{"Name":"Content-Type","Value":"text/plain"},{"Name":"ETag","Value":"\"p1dop4slefZhL4zG2pa6+2HUrOY1UUArGJXmet8Md9c=\""},{"Name":"Last-Modified","Value":"Fri, 28 Nov 2025 08:29:35 GMT"}],"EndpointProperties":[{"Name":"integrity","Value":"sha256-p1dop4slefZhL4zG2pa6+2HUrOY1UUArGJXmet8Md9c="}]},{"Route":"lib/bootstrap/dist/css/bootstrap-utilities.min.css.vy0bq9ydhf.map","AssetFile":"lib/bootstrap/dist/css/bootstrap-utilities.min.css.map","Selectors":[],"ResponseHeaders":[{"Name":"Accept-Ranges","Value":"bytes"},{"Name":"Cache-Control","Value":"max-age=31536000, immutable"},{"Name":"Content-Length","Value":"111875"},{"Name":"Content-Type","Value":"text/plain"},{"Name":"ETag","Value":"\"p1dop4slefZhL4zG2pa6+2HUrOY1UUArGJXmet8Md9c=\""},{"Name":"Last-Modified","Value":"Fri, 28 Nov 2025 08:29:35 GMT"}],"EndpointProperties":[{"Name":"fingerprint","Value":"vy0bq9ydhf"},{"Name":"integrity","Value":"sha256-p1dop4slefZhL4zG2pa6+2HUrOY1UUArGJXmet8Md9c="},{"Name":"label","Value":"lib/bootstrap/dist/css/bootstrap-utilities.min.css.map"}]},{"Route":"lib/bootstrap/dist/css/bootstrap-utilities.rtl.css","AssetFile":"lib/bootstrap/dist/css/bootstrap-utilities.rtl.css","Selectors":[],"ResponseHeaders":[{"Name":"Accept-Ranges","Value":"bytes"},{"Name":"Cache-Control","Value":"no-cache"},{"Name":"Content-Length","Value":"76307"},{"Name":"Content-Type","Value":"text/css"},{"Name":"ETag","Value":"\"1N1aPW6sTYexHfJCcDS4iElpPdWahP2Fr+Um56w0PjI=\""},{"Name":"Last-Modified","Value":"Fri, 28 Nov 2025 08:29:35 GMT"}],"EndpointProperties":[{"Name":"integrity","Value":"sha256-1N1aPW6sTYexHfJCcDS4iElpPdWahP2Fr+Um56w0PjI="}]},{"Route":"lib/bootstrap/dist/css/bootstrap-utilities.rtl.css.ab1c3rmv7g.map","AssetFile":"lib/bootstrap/dist/css/bootstrap-utilities.rtl.css.map","Selectors":[],"ResponseHeaders":[{"Name":"Accept-Ranges","Value":"bytes"},{"Name":"Cache-Control","Value":"max-age=31536000, immutable"},{"Name":"Content-Length","Value":"192214"},{"Name":"Content-Type","Value":"text/plain"},{"Name":"ETag","Value":"\"puDgKwvlFAord9R8G8of9P2CVYIJUFSoIbjDLEsKEH0=\""},{"Name":"Last-Modified","Value":"Fri, 28 Nov 2025 08:29:35 GMT"}],"EndpointProperties":[{"Name":"fingerprint","Value":"ab1c3rmv7g"},{"Name":"integrity","Value":"sha256-puDgKwvlFAord9R8G8of9P2CVYIJUFSoIbjDLEsKEH0="},{"Name":"label","Value":"lib/bootstrap/dist/css/bootstrap-utilities.rtl.css.map"}]},{"Route":"lib/bootstrap/dist/css/bootstrap-utilities.rtl.css.map","AssetFile":"lib/bootstrap/dist/css/bootstrap-utilities.rtl.css.map","Selectors":[],"ResponseHeaders":[{"Name":"Accept-Ranges","Value":"bytes"},{"Name":"Cache-Control","Value":"no-cache"},{"Name":"Content-Length","Value":"192214"},{"Name":"Content-Type","Value":"text/plain"},{"Name":"ETag","Value":"\"puDgKwvlFAord9R8G8of9P2CVYIJUFSoIbjDLEsKEH0=\""},{"Name":"Last-Modified","Value":"Fri, 28 Nov 2025 08:29:35 GMT"}],"EndpointProperties":[{"Name":"integrity","Value":"sha256-puDgKwvlFAord9R8G8of9P2CVYIJUFSoIbjDLEsKEH0="}]},{"Route":"lib/bootstrap/dist/css/bootstrap-utilities.rtl.min.css","AssetFile":"lib/bootstrap/dist/css/bootstrap-utilities.rtl.min.css","Selectors":[],"ResponseHeaders":[{"Name":"Accept-Ranges","Value":"bytes"},{"Name":"Cache-Control","Value":"no-cache"},{"Name":"Content-Length","Value":"53413"},{"Name":"Content-Type","Value":"text/css"},{"Name":"ETag","Value":"\"wseUsl7uipUzPYc/DBMMTMFA7hBTcxpw29RKOxLzXSc=\""},{"Name":"Last-Modified","Value":"Fri, 28 Nov 2025 08:29:35 GMT"}],"EndpointProperties":[{"Name":"integrity","Value":"sha256-wseUsl7uipUzPYc/DBMMTMFA7hBTcxpw29RKOxLzXSc="}]},{"Route":"lib/bootstrap/dist/css/bootstrap-utilities.rtl.min.css.56d2bn4wt9.map","AssetFile":"lib/bootstrap/dist/css/bootstrap-utilities.rtl.min.css.map","Selectors":[],"ResponseHeaders":[{"Name":"Accept-Ranges","Value":"bytes"},{"Name":"Cache-Control","Value":"max-age=31536000, immutable"},{"Name":"Content-Length","Value":"111710"},{"Name":"Content-Type","Value":"text/plain"},{"Name":"ETag","Value":"\"02ka4ymoE5yEecLUncLG3/SouTQMnTJOktX+96Pt/88=\""},{"Name":"Last-Modified","Value":"Fri, 28 Nov 2025 08:29:35 GMT"}],"EndpointProperties":[{"Name":"fingerprint","Value":"56d2bn4wt9"},{"Name":"integrity","Value":"sha256-02ka4ymoE5yEecLUncLG3/SouTQMnTJOktX+96Pt/88="},{"Name":"label","Value":"lib/bootstrap/dist/css/bootstrap-utilities.rtl.min.css.map"}]},{"Route":"lib/bootstrap/dist/css/bootstrap-utilities.rtl.min.css.map","AssetFile":"lib/bootstrap/dist/css/bootstrap-utilities.rtl.min.css.map","Selectors":[],"ResponseHeaders":[{"Name":"Accept-Ranges","Value":"bytes"},{"Name":"Cache-Control","Value":"no-cache"},{"Name":"Content-Length","Value":"111710"},{"Name":"Content-Type","Value":"text/plain"},{"Name":"ETag","Value":"\"02ka4ymoE5yEecLUncLG3/SouTQMnTJOktX+96Pt/88=\""},{"Name":"Last-Modified","Value":"Fri, 28 Nov 2025 08:29:35 GMT"}],"EndpointProperties":[{"Name":"integrity","Value":"sha256-02ka4ymoE5yEecLUncLG3/SouTQMnTJOktX+96Pt/88="}]},{"Route":"lib/bootstrap/dist/css/bootstrap-utilities.rtl.min.ik6i2hrs65.css","AssetFile":"lib/bootstrap/dist/css/bootstrap-utilities.rtl.min.css","Selectors":[],"ResponseHeaders":[{"Name":"Accept-Ranges","Value":"bytes"},{"Name":"Cache-Control","Value":"max-age=31536000, immutable"},{"Name":"Content-Length","Value":"53413"},{"Name":"Content-Type","Value":"text/css"},{"Name":"ETag","Value":"\"wseUsl7uipUzPYc/DBMMTMFA7hBTcxpw29RKOxLzXSc=\""},{"Name":"Last-Modified","Value":"Fri, 28 Nov 2025 08:29:35 GMT"}],"EndpointProperties":[{"Name":"fingerprint","Value":"ik6i2hrs65"},{"Name":"integrity","Value":"sha256-wseUsl7uipUzPYc/DBMMTMFA7hBTcxpw29RKOxLzXSc="},{"Name":"label","Value":"lib/bootstrap/dist/css/bootstrap-utilities.rtl.min.css"}]},{"Route":"lib/bootstrap/dist/css/bootstrap-utilities.rtl.ophe14yye5.css","AssetFile":"lib/bootstrap/dist/css/bootstrap-utilities.rtl.css","Selectors":[],"ResponseHeaders":[{"Name":"Accept-Ranges","Value":"bytes"},{"Name":"Cache-Control","Value":"max-age=31536000, immutable"},{"Name":"Content-Length","Value":"76307"},{"Name":"Content-Type","Value":"text/css"},{"Name":"ETag","Value":"\"1N1aPW6sTYexHfJCcDS4iElpPdWahP2Fr+Um56w0PjI=\""},{"Name":"Last-Modified","Value":"Fri, 28 Nov 2025 08:29:35 GMT"}],"EndpointProperties":[{"Name":"fingerprint","Value":"ophe14yye5"},{"Name":"integrity","Value":"sha256-1N1aPW6sTYexHfJCcDS4iElpPdWahP2Fr+Um56w0PjI="},{"Name":"label","Value":"lib/bootstrap/dist/css/bootstrap-utilities.rtl.css"}]},{"Route":"lib/bootstrap/dist/css/bootstrap-utilities.z9shlbduue.css","AssetFile":"lib/bootstrap/dist/css/bootstrap-utilities.css","Selectors":[],"ResponseHeaders":[{"Name":"Accept-Ranges","Value":"bytes"},{"Name":"Cache-Control","Value":"max-age=31536000, immutable"},{"Name":"Content-Length","Value":"76449"},{"Name":"Content-Type","Value":"text/css"},{"Name":"ETag","Value":"\"mcVOHRq7FsWaycSfboGsTpzuQZ3cIOR/GDHYxL6q2Yg=\""},{"Name":"Last-Modified","Value":"Fri, 28 Nov 2025 08:29:35 GMT"}],"EndpointProperties":[{"Name":"fingerprint","Value":"z9shlbduue"},{"Name":"integrity","Value":"sha256-mcVOHRq7FsWaycSfboGsTpzuQZ3cIOR/GDHYxL6q2Yg="},{"Name":"label","Value":"lib/bootstrap/dist/css/bootstrap-utilities.css"}]},{"Route":"lib/bootstrap/dist/css/bootstrap.css","AssetFile":"lib/bootstrap/dist/css/bootstrap.css","Selectors":[],"ResponseHeaders":[{"Name":"Accept-Ranges","Value":"bytes"},{"Name":"Cache-Control","Value":"no-cache"},{"Name":"Content-Length","Value":"215356"},{"Name":"Content-Type","Value":"text/css"},{"Name":"ETag","Value":"\"ZMvmWDSU4zY1Z29EQGm5Mubfz/YxF4hiReGqx84o4tA=\""},{"Name":"Last-Modified","Value":"Fri, 28 Nov 2025 08:29:35 GMT"}],"EndpointProperties":[{"Name":"integrity","Value":"sha256-ZMvmWDSU4zY1Z29EQGm5Mubfz/YxF4hiReGqx84o4tA="}]},{"Route":"lib/bootstrap/dist/css/bootstrap.css.73kdqttayv.map","AssetFile":"lib/bootstrap/dist/css/bootstrap.css.map","Selectors":[],"ResponseHeaders":[{"Name":"Accept-Ranges","Value":"bytes"},{"Name":"Cache-Control","Value":"max-age=31536000, immutable"},{"Name":"Content-Length","Value":"536547"},{"Name":"Content-Type","Value":"text/plain"},{"Name":"ETag","Value":"\"DRvWr0gangj5/5Q3DRn6ttzpcWDzl3OpHoAwAzNDR5Q=\""},{"Name":"Last-Modified","Value":"Fri, 28 Nov 2025 08:29:35 GMT"}],"EndpointProperties":[{"Name":"fingerprint","Value":"73kdqttayv"},{"Name":"integrity","Value":"sha256-DRvWr0gangj5/5Q3DRn6ttzpcWDzl3OpHoAwAzNDR5Q="},{"Name":"label","Value":"lib/bootstrap/dist/css/bootstrap.css.map"}]},{"Route":"lib/bootstrap/dist/css/bootstrap.css.map","AssetFile":"lib/bootstrap/dist/css/bootstrap.css.map","Selectors":[],"ResponseHeaders":[{"Name":"Accept-Ranges","Value":"bytes"},{"Name":"Cache-Control","Value":"no-cache"},{"Name":"Content-Length","Value":"536547"},{"Name":"Content-Type","Value":"text/plain"},{"Name":"ETag","Value":"\"DRvWr0gangj5/5Q3DRn6ttzpcWDzl3OpHoAwAzNDR5Q=\""},{"Name":"Last-Modified","Value":"Fri, 28 Nov 2025 08:29:35 GMT"}],"EndpointProperties":[{"Name":"integrity","Value":"sha256-DRvWr0gangj5/5Q3DRn6ttzpcWDzl3OpHoAwAzNDR5Q="}]},{"Route":"lib/bootstrap/dist/css/bootstrap.min.6gzpyzhau4.css","AssetFile":"lib/bootstrap/dist/css/bootstrap.min.css","Selectors":[],"ResponseHeaders":[{"Name":"Accept-Ranges","Value":"bytes"},{"Name":"Cache-Control","Value":"max-age=31536000, immutable"},{"Name":"Content-Length","Value":"162726"},{"Name":"Content-Type","Value":"text/css"},{"Name":"ETag","Value":"\"SiIVMGgRhdXjKSTIddX7mh9IbOXVcwQWc7/p4nS6D/0=\""},{"Name":"Last-Modified","Value":"Fri, 28 Nov 2025 08:29:35 GMT"}],"EndpointProperties":[{"Name":"fingerprint","Value":"6gzpyzhau4"},{"Name":"integrity","Value":"sha256-SiIVMGgRhdXjKSTIddX7mh9IbOXVcwQWc7/p4nS6D/0="},{"Name":"label","Value":"lib/bootstrap/dist/css/bootstrap.min.css"}]},{"Route":"lib/bootstrap/dist/css/bootstrap.min.css","AssetFile":"lib/bootstrap/dist/css/bootstrap.min.css","Selectors":[],"ResponseHeaders":[{"Name":"Accept-Ranges","Value":"bytes"},{"Name":"Cache-Control","Value":"no-cache"},{"Name":"Content-Length","Value":"162726"},{"Name":"Content-Type","Value":"text/css"},{"Name":"ETag","Value":"\"SiIVMGgRhdXjKSTIddX7mh9IbOXVcwQWc7/p4nS6D/0=\""},{"Name":"Last-Modified","Value":"Fri, 28 Nov 2025 08:29:35 GMT"}],"EndpointProperties":[{"Name":"integrity","Value":"sha256-SiIVMGgRhdXjKSTIddX7mh9IbOXVcwQWc7/p4nS6D/0="}]},{"Route":"lib/bootstrap/dist/css/bootstrap.min.css.8inm30yfxf.map","AssetFile":"lib/bootstrap/dist/css/bootstrap.min.css.map","Selectors":[],"ResponseHeaders":[{"Name":"Accept-Ranges","Value":"bytes"},{"Name":"Cache-Control","Value":"max-age=31536000, immutable"},{"Name":"Content-Length","Value":"449111"},{"Name":"Content-Type","Value":"text/plain"},{"Name":"ETag","Value":"\"gBwg2tmA0Ci2u54gMF1jNCVku6vznarkLS6D76htNNQ=\""},{"Name":"Last-Modified","Value":"Fri, 28 Nov 2025 08:29:35 GMT"}],"EndpointProperties":[{"Name":"fingerprint","Value":"8inm30yfxf"},{"Name":"integrity","Value":"sha256-gBwg2tmA0Ci2u54gMF1jNCVku6vznarkLS6D76htNNQ="},{"Name":"label","Value":"lib/bootstrap/dist/css/bootstrap.min.css.map"}]},{"Route":"lib/bootstrap/dist/css/bootstrap.min.css.map","AssetFile":"lib/bootstrap/dist/css/bootstrap.min.css.map","Selectors":[],"ResponseHeaders":[{"Name":"Accept-Ranges","Value":"bytes"},{"Name":"Cache-Control","Value":"no-cache"},{"Name":"Content-Length","Value":"449111"},{"Name":"Content-Type","Value":"text/plain"},{"Name":"ETag","Value":"\"gBwg2tmA0Ci2u54gMF1jNCVku6vznarkLS6D76htNNQ=\""},{"Name":"Last-Modified","Value":"Fri, 28 Nov 2025 08:29:35 GMT"}],"EndpointProperties":[{"Name":"integrity","Value":"sha256-gBwg2tmA0Ci2u54gMF1jNCVku6vznarkLS6D76htNNQ="}]},{"Route":"lib/bootstrap/dist/css/bootstrap.ozu22stjof.css","AssetFile":"lib/bootstrap/dist/css/bootstrap.css","Selectors":[],"ResponseHeaders":[{"Name":"Accept-Ranges","Value":"bytes"},{"Name":"Cache-Control","Value":"max-age=31536000, immutable"},{"Name":"Content-Length","Value":"215356"},{"Name":"Content-Type","Value":"text/css"},{"Name":"ETag","Value":"\"ZMvmWDSU4zY1Z29EQGm5Mubfz/YxF4hiReGqx84o4tA=\""},{"Name":"Last-Modified","Value":"Fri, 28 Nov 2025 08:29:35 GMT"}],"EndpointProperties":[{"Name":"fingerprint","Value":"ozu22stjof"},{"Name":"integrity","Value":"sha256-ZMvmWDSU4zY1Z29EQGm5Mubfz/YxF4hiReGqx84o4tA="},{"Name":"label","Value":"lib/bootstrap/dist/css/bootstrap.css"}]},{"Route":"lib/bootstrap/dist/css/bootstrap.rtl.css","AssetFile":"lib/bootstrap/dist/css/bootstrap.rtl.css","Selectors":[],"ResponseHeaders":[{"Name":"Accept-Ranges","Value":"bytes"},{"Name":"Cache-Control","Value":"no-cache"},{"Name":"Content-Length","Value":"214999"},{"Name":"Content-Type","Value":"text/css"},{"Name":"ETag","Value":"\"hA1uBYAPgKq7OVoXF7sqU9NtylyP0K7AJn0a4zQcTbg=\""},{"Name":"Last-Modified","Value":"Fri, 28 Nov 2025 08:29:35 GMT"}],"EndpointProperties":[{"Name":"integrity","Value":"sha256-hA1uBYAPgKq7OVoXF7sqU9NtylyP0K7AJn0a4zQcTbg="}]},{"Route":"lib/bootstrap/dist/css/bootstrap.rtl.css.4gxs3k148c.map","AssetFile":"lib/bootstrap/dist/css/bootstrap.rtl.css.map","Selectors":[],"ResponseHeaders":[{"Name":"Accept-Ranges","Value":"bytes"},{"Name":"Cache-Control","Value":"max-age=31536000, immutable"},{"Name":"Content-Length","Value":"536461"},{"Name":"Content-Type","Value":"text/plain"},{"Name":"ETag","Value":"\"VFvmi/ZSwQFmjS6Pry9B8zXeZ/GA168TXLyykDhNMZE=\""},{"Name":"Last-Modified","Value":"Fri, 28 Nov 2025 08:29:35 GMT"}],"EndpointProperties":[{"Name":"fingerprint","Value":"4gxs3k148c"},{"Name":"integrity","Value":"sha256-VFvmi/ZSwQFmjS6Pry9B8zXeZ/GA168TXLyykDhNMZE="},{"Name":"label","Value":"lib/bootstrap/dist/css/bootstrap.rtl.css.map"}]},{"Route":"lib/bootstrap/dist/css/bootstrap.rtl.css.map","AssetFile":"lib/bootstrap/dist/css/bootstrap.rtl.css.map","Selectors":[],"ResponseHeaders":[{"Name":"Accept-Ranges","Value":"bytes"},{"Name":"Cache-Control","Value":"no-cache"},{"Name":"Content-Length","Value":"536461"},{"Name":"Content-Type","Value":"text/plain"},{"Name":"ETag","Value":"\"VFvmi/ZSwQFmjS6Pry9B8zXeZ/GA168TXLyykDhNMZE=\""},{"Name":"Last-Modified","Value":"Fri, 28 Nov 2025 08:29:35 GMT"}],"EndpointProperties":[{"Name":"integrity","Value":"sha256-VFvmi/ZSwQFmjS6Pry9B8zXeZ/GA168TXLyykDhNMZE="}]},{"Route":"lib/bootstrap/dist/css/bootstrap.rtl.gjcw7pocpk.css","AssetFile":"lib/bootstrap/dist/css/bootstrap.rtl.css","Selectors":[],"ResponseHeaders":[{"Name":"Accept-Ranges","Value":"bytes"},{"Name":"Cache-Control","Value":"max-age=31536000, immutable"},{"Name":"Content-Length","Value":"214999"},{"Name":"Content-Type","Value":"text/css"},{"Name":"ETag","Value":"\"hA1uBYAPgKq7OVoXF7sqU9NtylyP0K7AJn0a4zQcTbg=\""},{"Name":"Last-Modified","Value":"Fri, 28 Nov 2025 08:29:35 GMT"}],"EndpointProperties":[{"Name":"fingerprint","Value":"gjcw7pocpk"},{"Name":"integrity","Value":"sha256-hA1uBYAPgKq7OVoXF7sqU9NtylyP0K7AJn0a4zQcTbg="},{"Name":"label","Value":"lib/bootstrap/dist/css/bootstrap.rtl.css"}]},{"Route":"lib/bootstrap/dist/css/bootstrap.rtl.min.6l4ir0ityv.css","AssetFile":"lib/bootstrap/dist/css/bootstrap.rtl.min.css","Selectors":[],"ResponseHeaders":[{"Name":"Accept-Ranges","Value":"bytes"},{"Name":"Cache-Control","Value":"max-age=31536000, immutable"},{"Name":"Content-Length","Value":"162831"},{"Name":"Content-Type","Value":"text/css"},{"Name":"ETag","Value":"\"ukKL5IDSyNoXFyp0wkgXeBpBITyM7JsCE6Dp96H1vI8=\""},{"Name":"Last-Modified","Value":"Fri, 28 Nov 2025 08:29:35 GMT"}],"EndpointProperties":[{"Name":"fingerprint","Value":"6l4ir0ityv"},{"Name":"integrity","Value":"sha256-ukKL5IDSyNoXFyp0wkgXeBpBITyM7JsCE6Dp96H1vI8="},{"Name":"label","Value":"lib/bootstrap/dist/css/bootstrap.rtl.min.css"}]},{"Route":"lib/bootstrap/dist/css/bootstrap.rtl.min.css","AssetFile":"lib/bootstrap/dist/css/bootstrap.rtl.min.css","Selectors":[],"ResponseHeaders":[{"Name":"Accept-Ranges","Value":"bytes"},{"Name":"Cache-Control","Value":"no-cache"},{"Name":"Content-Length","Value":"162831"},{"Name":"Content-Type","Value":"text/css"},{"Name":"ETag","Value":"\"ukKL5IDSyNoXFyp0wkgXeBpBITyM7JsCE6Dp96H1vI8=\""},{"Name":"Last-Modified","Value":"Fri, 28 Nov 2025 08:29:35 GMT"}],"EndpointProperties":[{"Name":"integrity","Value":"sha256-ukKL5IDSyNoXFyp0wkgXeBpBITyM7JsCE6Dp96H1vI8="}]},{"Route":"lib/bootstrap/dist/css/bootstrap.rtl.min.css.fctod5rc9n.map","AssetFile":"lib/bootstrap/dist/css/bootstrap.rtl.min.css.map","Selectors":[],"ResponseHeaders":[{"Name":"Accept-Ranges","Value":"bytes"},{"Name":"Cache-Control","Value":"max-age=31536000, immutable"},{"Name":"Content-Length","Value":"661035"},{"Name":"Content-Type","Value":"text/plain"},{"Name":"ETag","Value":"\"j7uqK5VoTT4rUHMr911QEU5Sa94lR3uh9E28XBMlzrM=\""},{"Name":"Last-Modified","Value":"Fri, 28 Nov 2025 08:29:35 GMT"}],"EndpointProperties":[{"Name":"fingerprint","Value":"fctod5rc9n"},{"Name":"integrity","Value":"sha256-j7uqK5VoTT4rUHMr911QEU5Sa94lR3uh9E28XBMlzrM="},{"Name":"label","Value":"lib/bootstrap/dist/css/bootstrap.rtl.min.css.map"}]},{"Route":"lib/bootstrap/dist/css/bootstrap.rtl.min.css.map","AssetFile":"lib/bootstrap/dist/css/bootstrap.rtl.min.css.map","Selectors":[],"ResponseHeaders":[{"Name":"Accept-Ranges","Value":"bytes"},{"Name":"Cache-Control","Value":"no-cache"},{"Name":"Content-Length","Value":"661035"},{"Name":"Content-Type","Value":"text/plain"},{"Name":"ETag","Value":"\"j7uqK5VoTT4rUHMr911QEU5Sa94lR3uh9E28XBMlzrM=\""},{"Name":"Last-Modified","Value":"Fri, 28 Nov 2025 08:29:35 GMT"}],"EndpointProperties":[{"Name":"integrity","Value":"sha256-j7uqK5VoTT4rUHMr911QEU5Sa94lR3uh9E28XBMlzrM="}]},{"Route":"lib/bootstrap/dist/js/bootstrap.1piudyfv7h.js","AssetFile":"lib/bootstrap/dist/js/bootstrap.js","Selectors":[],"ResponseHeaders":[{"Name":"Accept-Ranges","Value":"bytes"},{"Name":"Cache-Control","Value":"max-age=31536000, immutable"},{"Name":"Content-Length","Value":"153194"},{"Name":"Content-Type","Value":"text/javascript"},{"Name":"ETag","Value":"\"JV8zLOxqX3ENLwiQX8lCiDY3TvQzbeibDAsdYtalZ4w=\""},{"Name":"Last-Modified","Value":"Fri, 28 Nov 2025 08:29:35 GMT"}],"EndpointProperties":[{"Name":"fingerprint","Value":"1piudyfv7h"},{"Name":"integrity","Value":"sha256-JV8zLOxqX3ENLwiQX8lCiDY3TvQzbeibDAsdYtalZ4w="},{"Name":"label","Value":"lib/bootstrap/dist/js/bootstrap.js"}]},{"Route":"lib/bootstrap/dist/js/bootstrap.bundle.f6zq8v6eb3.js","AssetFile":"lib/bootstrap/dist/js/bootstrap.bundle.js","Selectors":[],"ResponseHeaders":[{"Name":"Accept-Ranges","Value":"bytes"},{"Name":"Cache-Control","Value":"max-age=31536000, immutable"},{"Name":"Content-Length","Value":"215272"},{"Name":"Content-Type","Value":"text/javascript"},{"Name":"ETag","Value":"\"l/hyCcHXdGwW6cO0xfobuAMZk3Nh8dsRdWwdaeSn9qo=\""},{"Name":"Last-Modified","Value":"Fri, 28 Nov 2025 08:29:35 GMT"}],"EndpointProperties":[{"Name":"fingerprint","Value":"f6zq8v6eb3"},{"Name":"integrity","Value":"sha256-l/hyCcHXdGwW6cO0xfobuAMZk3Nh8dsRdWwdaeSn9qo="},{"Name":"label","Value":"lib/bootstrap/dist/js/bootstrap.bundle.js"}]},{"Route":"lib/bootstrap/dist/js/bootstrap.bundle.js","AssetFile":"lib/bootstrap/dist/js/bootstrap.bundle.js","Selectors":[],"ResponseHeaders":[{"Name":"Accept-Ranges","Value":"bytes"},{"Name":"Cache-Control","Value":"no-cache"},{"Name":"Content-Length","Value":"215272"},{"Name":"Content-Type","Value":"text/javascript"},{"Name":"ETag","Value":"\"l/hyCcHXdGwW6cO0xfobuAMZk3Nh8dsRdWwdaeSn9qo=\""},{"Name":"Last-Modified","Value":"Fri, 28 Nov 2025 08:29:35 GMT"}],"EndpointProperties":[{"Name":"integrity","Value":"sha256-l/hyCcHXdGwW6cO0xfobuAMZk3Nh8dsRdWwdaeSn9qo="}]},{"Route":"lib/bootstrap/dist/js/bootstrap.bundle.js.kbynt5jhd9.map","AssetFile":"lib/bootstrap/dist/js/bootstrap.bundle.js.map","Selectors":[],"ResponseHeaders":[{"Name":"Accept-Ranges","Value":"bytes"},{"Name":"Cache-Control","Value":"max-age=31536000, immutable"},{"Name":"Content-Length","Value":"425643"},{"Name":"Content-Type","Value":"text/plain"},{"Name":"ETag","Value":"\"gO4uhxfGuK0ONjRlHuwfghGfEXT5azm1oHWnTEFGTfk=\""},{"Name":"Last-Modified","Value":"Fri, 28 Nov 2025 08:29:35 GMT"}],"EndpointProperties":[{"Name":"fingerprint","Value":"kbynt5jhd9"},{"Name":"integrity","Value":"sha256-gO4uhxfGuK0ONjRlHuwfghGfEXT5azm1oHWnTEFGTfk="},{"Name":"label","Value":"lib/bootstrap/dist/js/bootstrap.bundle.js.map"}]},{"Route":"lib/bootstrap/dist/js/bootstrap.bundle.js.map","AssetFile":"lib/bootstrap/dist/js/bootstrap.bundle.js.map","Selectors":[],"ResponseHeaders":[{"Name":"Accept-Ranges","Value":"bytes"},{"Name":"Cache-Control","Value":"no-cache"},{"Name":"Content-Length","Value":"425643"},{"Name":"Content-Type","Value":"text/plain"},{"Name":"ETag","Value":"\"gO4uhxfGuK0ONjRlHuwfghGfEXT5azm1oHWnTEFGTfk=\""},{"Name":"Last-Modified","Value":"Fri, 28 Nov 2025 08:29:35 GMT"}],"EndpointProperties":[{"Name":"integrity","Value":"sha256-gO4uhxfGuK0ONjRlHuwfghGfEXT5azm1oHWnTEFGTfk="}]},{"Route":"lib/bootstrap/dist/js/bootstrap.bundle.min.89qbw8ngem.js","AssetFile":"lib/bootstrap/dist/js/bootstrap.bundle.min.js","Selectors":[],"ResponseHeaders":[{"Name":"Accept-Ranges","Value":"bytes"},{"Name":"Cache-Control","Value":"max-age=31536000, immutable"},{"Name":"Content-Length","Value":"78474"},{"Name":"Content-Type","Value":"text/javascript"},{"Name":"ETag","Value":"\"rAnWnVnzChxAAi8NS+Ilr1mE7Sj+do+X/DqyilNsznM=\""},{"Name":"Last-Modified","Value":"Fri, 28 Nov 2025 08:29:35 GMT"}],"EndpointProperties":[{"Name":"fingerprint","Value":"89qbw8ngem"},{"Name":"integrity","Value":"sha256-rAnWnVnzChxAAi8NS+Ilr1mE7Sj+do+X/DqyilNsznM="},{"Name":"label","Value":"lib/bootstrap/dist/js/bootstrap.bundle.min.js"}]},{"Route":"lib/bootstrap/dist/js/bootstrap.bundle.min.js","AssetFile":"lib/bootstrap/dist/js/bootstrap.bundle.min.js","Selectors":[],"ResponseHeaders":[{"Name":"Accept-Ranges","Value":"bytes"},{"Name":"Cache-Control","Value":"no-cache"},{"Name":"Content-Length","Value":"78474"},{"Name":"Content-Type","Value":"text/javascript"},{"Name":"ETag","Value":"\"rAnWnVnzChxAAi8NS+Ilr1mE7Sj+do+X/DqyilNsznM=\""},{"Name":"Last-Modified","Value":"Fri, 28 Nov 2025 08:29:35 GMT"}],"EndpointProperties":[{"Name":"integrity","Value":"sha256-rAnWnVnzChxAAi8NS+Ilr1mE7Sj+do+X/DqyilNsznM="}]},{"Route":"lib/bootstrap/dist/js/bootstrap.bundle.min.js.c2nslu3uf3.map","AssetFile":"lib/bootstrap/dist/js/bootstrap.bundle.min.js.map","Selectors":[],"ResponseHeaders":[{"Name":"Accept-Ranges","Value":"bytes"},{"Name":"Cache-Control","Value":"max-age=31536000, immutable"},{"Name":"Content-Length","Value":"327261"},{"Name":"Content-Type","Value":"text/plain"},{"Name":"ETag","Value":"\"xIBBxDPvWhk8/JdaFEZoejadfaKFUfZFwRS1D4Jkuro=\""},{"Name":"Last-Modified","Value":"Fri, 28 Nov 2025 08:29:35 GMT"}],"EndpointProperties":[{"Name":"fingerprint","Value":"c2nslu3uf3"},{"Name":"integrity","Value":"sha256-xIBBxDPvWhk8/JdaFEZoejadfaKFUfZFwRS1D4Jkuro="},{"Name":"label","Value":"lib/bootstrap/dist/js/bootstrap.bundle.min.js.map"}]},{"Route":"lib/bootstrap/dist/js/bootstrap.bundle.min.js.map","AssetFile":"lib/bootstrap/dist/js/bootstrap.bundle.min.js.map","Selectors":[],"ResponseHeaders":[{"Name":"Accept-Ranges","Value":"bytes"},{"Name":"Cache-Control","Value":"no-cache"},{"Name":"Content-Length","Value":"327261"},{"Name":"Content-Type","Value":"text/plain"},{"Name":"ETag","Value":"\"xIBBxDPvWhk8/JdaFEZoejadfaKFUfZFwRS1D4Jkuro=\""},{"Name":"Last-Modified","Value":"Fri, 28 Nov 2025 08:29:35 GMT"}],"EndpointProperties":[{"Name":"integrity","Value":"sha256-xIBBxDPvWhk8/JdaFEZoejadfaKFUfZFwRS1D4Jkuro="}]},{"Route":"lib/bootstrap/dist/js/bootstrap.esm.js","AssetFile":"lib/bootstrap/dist/js/bootstrap.esm.js","Selectors":[],"ResponseHeaders":[{"Name":"Accept-Ranges","Value":"bytes"},{"Name":"Cache-Control","Value":"no-cache"},{"Name":"Content-Length","Value":"143996"},{"Name":"Content-Type","Value":"text/javascript"},{"Name":"ETag","Value":"\"SySIctW5IQsq8JoYGrNJU4ZilHaieJru5P0+8vTcfDA=\""},{"Name":"Last-Modified","Value":"Fri, 28 Nov 2025 08:29:35 GMT"}],"EndpointProperties":[{"Name":"integrity","Value":"sha256-SySIctW5IQsq8JoYGrNJU4ZilHaieJru5P0+8vTcfDA="}]},{"Route":"lib/bootstrap/dist/js/bootstrap.esm.js.2lgwfvgpvi.map","AssetFile":"lib/bootstrap/dist/js/bootstrap.esm.js.map","Selectors":[],"ResponseHeaders":[{"Name":"Accept-Ranges","Value":"bytes"},{"Name":"Cache-Control","Value":"max-age=31536000, immutable"},{"Name":"Content-Length","Value":"288320"},{"Name":"Content-Type","Value":"text/plain"},{"Name":"ETag","Value":"\"CllC/sbLvyLE9cQljmFRlITfqdZRnBv2ysX5LJtl/dg=\""},{"Name":"Last-Modified","Value":"Fri, 28 Nov 2025 08:29:35 GMT"}],"EndpointProperties":[{"Name":"fingerprint","Value":"2lgwfvgpvi"},{"Name":"integrity","Value":"sha256-CllC/sbLvyLE9cQljmFRlITfqdZRnBv2ysX5LJtl/dg="},{"Name":"label","Value":"lib/bootstrap/dist/js/bootstrap.esm.js.map"}]},{"Route":"lib/bootstrap/dist/js/bootstrap.esm.js.map","AssetFile":"lib/bootstrap/dist/js/bootstrap.esm.js.map","Selectors":[],"ResponseHeaders":[{"Name":"Accept-Ranges","Value":"bytes"},{"Name":"Cache-Control","Value":"no-cache"},{"Name":"Content-Length","Value":"288320"},{"Name":"Content-Type","Value":"text/plain"},{"Name":"ETag","Value":"\"CllC/sbLvyLE9cQljmFRlITfqdZRnBv2ysX5LJtl/dg=\""},{"Name":"Last-Modified","Value":"Fri, 28 Nov 2025 08:29:35 GMT"}],"EndpointProperties":[{"Name":"integrity","Value":"sha256-CllC/sbLvyLE9cQljmFRlITfqdZRnBv2ysX5LJtl/dg="}]},{"Route":"lib/bootstrap/dist/js/bootstrap.esm.min.jqwzsa9uv6.js","AssetFile":"lib/bootstrap/dist/js/bootstrap.esm.min.js","Selectors":[],"ResponseHeaders":[{"Name":"Accept-Ranges","Value":"bytes"},{"Name":"Cache-Control","Value":"max-age=31536000, immutable"},{"Name":"Content-Length","Value":"72022"},{"Name":"Content-Type","Value":"text/javascript"},{"Name":"ETag","Value":"\"hVv0IJy8sIv1uIlVQOHnZFNAGprmLfDV+x0anYPmxYU=\""},{"Name":"Last-Modified","Value":"Fri, 28 Nov 2025 08:29:35 GMT"}],"EndpointProperties":[{"Name":"fingerprint","Value":"jqwzsa9uv6"},{"Name":"integrity","Value":"sha256-hVv0IJy8sIv1uIlVQOHnZFNAGprmLfDV+x0anYPmxYU="},{"Name":"label","Value":"lib/bootstrap/dist/js/bootstrap.esm.min.js"}]},{"Route":"lib/bootstrap/dist/js/bootstrap.esm.min.js","AssetFile":"lib/bootstrap/dist/js/bootstrap.esm.min.js","Selectors":[],"ResponseHeaders":[{"Name":"Accept-Ranges","Value":"bytes"},{"Name":"Cache-Control","Value":"no-cache"},{"Name":"Content-Length","Value":"72022"},{"Name":"Content-Type","Value":"text/javascript"},{"Name":"ETag","Value":"\"hVv0IJy8sIv1uIlVQOHnZFNAGprmLfDV+x0anYPmxYU=\""},{"Name":"Last-Modified","Value":"Fri, 28 Nov 2025 08:29:35 GMT"}],"EndpointProperties":[{"Name":"integrity","Value":"sha256-hVv0IJy8sIv1uIlVQOHnZFNAGprmLfDV+x0anYPmxYU="}]},{"Route":"lib/bootstrap/dist/js/bootstrap.esm.min.js.map","AssetFile":"lib/bootstrap/dist/js/bootstrap.esm.min.js.map","Selectors":[],"ResponseHeaders":[{"Name":"Accept-Ranges","Value":"bytes"},{"Name":"Cache-Control","Value":"no-cache"},{"Name":"Content-Length","Value":"222508"},{"Name":"Content-Type","Value":"text/plain"},{"Name":"ETag","Value":"\"sPqzWcSS9aRa2gpWTVNQzemajn8hrFjgXPj3j9QItQo=\""},{"Name":"Last-Modified","Value":"Fri, 28 Nov 2025 08:29:35 GMT"}],"EndpointProperties":[{"Name":"integrity","Value":"sha256-sPqzWcSS9aRa2gpWTVNQzemajn8hrFjgXPj3j9QItQo="}]},{"Route":"lib/bootstrap/dist/js/bootstrap.esm.min.js.wsezl0heh6.map","AssetFile":"lib/bootstrap/dist/js/bootstrap.esm.min.js.map","Selectors":[],"ResponseHeaders":[{"Name":"Accept-Ranges","Value":"bytes"},{"Name":"Cache-Control","Value":"max-age=31536000, immutable"},{"Name":"Content-Length","Value":"222508"},{"Name":"Content-Type","Value":"text/plain"},{"Name":"ETag","Value":"\"sPqzWcSS9aRa2gpWTVNQzemajn8hrFjgXPj3j9QItQo=\""},{"Name":"Last-Modified","Value":"Fri, 28 Nov 2025 08:29:35 GMT"}],"EndpointProperties":[{"Name":"fingerprint","Value":"wsezl0heh6"},{"Name":"integrity","Value":"sha256-sPqzWcSS9aRa2gpWTVNQzemajn8hrFjgXPj3j9QItQo="},{"Name":"label","Value":"lib/bootstrap/dist/js/bootstrap.esm.min.js.map"}]},{"Route":"lib/bootstrap/dist/js/bootstrap.esm.n5w6o92d9r.js","AssetFile":"lib/bootstrap/dist/js/bootstrap.esm.js","Selectors":[],"ResponseHeaders":[{"Name":"Accept-Ranges","Value":"bytes"},{"Name":"Cache-Control","Value":"max-age=31536000, immutable"},{"Name":"Content-Length","Value":"143996"},{"Name":"Content-Type","Value":"text/javascript"},{"Name":"ETag","Value":"\"SySIctW5IQsq8JoYGrNJU4ZilHaieJru5P0+8vTcfDA=\""},{"Name":"Last-Modified","Value":"Fri, 28 Nov 2025 08:29:35 GMT"}],"EndpointProperties":[{"Name":"fingerprint","Value":"n5w6o92d9r"},{"Name":"integrity","Value":"sha256-SySIctW5IQsq8JoYGrNJU4ZilHaieJru5P0+8vTcfDA="},{"Name":"label","Value":"lib/bootstrap/dist/js/bootstrap.esm.js"}]},{"Route":"lib/bootstrap/dist/js/bootstrap.js","AssetFile":"lib/bootstrap/dist/js/bootstrap.js","Selectors":[],"ResponseHeaders":[{"Name":"Accept-Ranges","Value":"bytes"},{"Name":"Cache-Control","Value":"no-cache"},{"Name":"Content-Length","Value":"153194"},{"Name":"Content-Type","Value":"text/javascript"},{"Name":"ETag","Value":"\"JV8zLOxqX3ENLwiQX8lCiDY3TvQzbeibDAsdYtalZ4w=\""},{"Name":"Last-Modified","Value":"Fri, 28 Nov 2025 08:29:35 GMT"}],"EndpointProperties":[{"Name":"integrity","Value":"sha256-JV8zLOxqX3ENLwiQX8lCiDY3TvQzbeibDAsdYtalZ4w="}]},{"Route":"lib/bootstrap/dist/js/bootstrap.js.6ukhryfubh.map","AssetFile":"lib/bootstrap/dist/js/bootstrap.js.map","Selectors":[],"ResponseHeaders":[{"Name":"Accept-Ranges","Value":"bytes"},{"Name":"Cache-Control","Value":"max-age=31536000, immutable"},{"Name":"Content-Length","Value":"289522"},{"Name":"Content-Type","Value":"text/plain"},{"Name":"ETag","Value":"\"Qkl5mZUZ64aYBaORRMP9jfD1kz8J6FwiV2M86JDJkdQ=\""},{"Name":"Last-Modified","Value":"Fri, 28 Nov 2025 08:29:35 GMT"}],"EndpointProperties":[{"Name":"fingerprint","Value":"6ukhryfubh"},{"Name":"integrity","Value":"sha256-Qkl5mZUZ64aYBaORRMP9jfD1kz8J6FwiV2M86JDJkdQ="},{"Name":"label","Value":"lib/bootstrap/dist/js/bootstrap.js.map"}]},{"Route":"lib/bootstrap/dist/js/bootstrap.js.map","AssetFile":"lib/bootstrap/dist/js/bootstrap.js.map","Selectors":[],"ResponseHeaders":[{"Name":"Accept-Ranges","Value":"bytes"},{"Name":"Cache-Control","Value":"no-cache"},{"Name":"Content-Length","Value":"289522"},{"Name":"Content-Type","Value":"text/plain"},{"Name":"ETag","Value":"\"Qkl5mZUZ64aYBaORRMP9jfD1kz8J6FwiV2M86JDJkdQ=\""},{"Name":"Last-Modified","Value":"Fri, 28 Nov 2025 08:29:35 GMT"}],"EndpointProperties":[{"Name":"integrity","Value":"sha256-Qkl5mZUZ64aYBaORRMP9jfD1kz8J6FwiV2M86JDJkdQ="}]},{"Route":"lib/bootstrap/dist/js/bootstrap.min.4908xmbfjr.js","AssetFile":"lib/bootstrap/dist/js/bootstrap.min.js","Selectors":[],"ResponseHeaders":[{"Name":"Accept-Ranges","Value":"bytes"},{"Name":"Cache-Control","Value":"max-age=31536000, immutable"},{"Name":"Content-Length","Value":"59517"},{"Name":"Content-Type","Value":"text/javascript"},{"Name":"ETag","Value":"\"uAMYHAQlaHq1buKLwrk7FF4qxvcLWntS2/DpdKucfmU=\""},{"Name":"Last-Modified","Value":"Fri, 28 Nov 2025 08:29:35 GMT"}],"EndpointProperties":[{"Name":"fingerprint","Value":"4908xmbfjr"},{"Name":"integrity","Value":"sha256-uAMYHAQlaHq1buKLwrk7FF4qxvcLWntS2/DpdKucfmU="},{"Name":"label","Value":"lib/bootstrap/dist/js/bootstrap.min.js"}]},{"Route":"lib/bootstrap/dist/js/bootstrap.min.js","AssetFile":"lib/bootstrap/dist/js/bootstrap.min.js","Selectors":[],"ResponseHeaders":[{"Name":"Accept-Ranges","Value":"bytes"},{"Name":"Cache-Control","Value":"no-cache"},{"Name":"Content-Length","Value":"59517"},{"Name":"Content-Type","Value":"text/javascript"},{"Name":"ETag","Value":"\"uAMYHAQlaHq1buKLwrk7FF4qxvcLWntS2/DpdKucfmU=\""},{"Name":"Last-Modified","Value":"Fri, 28 Nov 2025 08:29:35 GMT"}],"EndpointProperties":[{"Name":"integrity","Value":"sha256-uAMYHAQlaHq1buKLwrk7FF4qxvcLWntS2/DpdKucfmU="}]},{"Route":"lib/bootstrap/dist/js/bootstrap.min.js.map","AssetFile":"lib/bootstrap/dist/js/bootstrap.min.js.map","Selectors":[],"ResponseHeaders":[{"Name":"Accept-Ranges","Value":"bytes"},{"Name":"Cache-Control","Value":"no-cache"},{"Name":"Content-Length","Value":"217145"},{"Name":"Content-Type","Value":"text/plain"},{"Name":"ETag","Value":"\"ui/FQI+y0IUsY8Pbi80b8s3GeEL+PsvdaLTONobpn88=\""},{"Name":"Last-Modified","Value":"Fri, 28 Nov 2025 08:29:35 GMT"}],"EndpointProperties":[{"Name":"integrity","Value":"sha256-ui/FQI+y0IUsY8Pbi80b8s3GeEL+PsvdaLTONobpn88="}]},{"Route":"lib/bootstrap/dist/js/bootstrap.min.js.u33ctipx7g.map","AssetFile":"lib/bootstrap/dist/js/bootstrap.min.js.map","Selectors":[],"ResponseHeaders":[{"Name":"Accept-Ranges","Value":"bytes"},{"Name":"Cache-Control","Value":"max-age=31536000, immutable"},{"Name":"Content-Length","Value":"217145"},{"Name":"Content-Type","Value":"text/plain"},{"Name":"ETag","Value":"\"ui/FQI+y0IUsY8Pbi80b8s3GeEL+PsvdaLTONobpn88=\""},{"Name":"Last-Modified","Value":"Fri, 28 Nov 2025 08:29:35 GMT"}],"EndpointProperties":[{"Name":"fingerprint","Value":"u33ctipx7g"},{"Name":"integrity","Value":"sha256-ui/FQI+y0IUsY8Pbi80b8s3GeEL+PsvdaLTONobpn88="},{"Name":"label","Value":"lib/bootstrap/dist/js/bootstrap.min.js.map"}]},{"Route":"lib/jquery-validation-unobtrusive/LICENSE.356vix0kms.txt","AssetFile":"lib/jquery-validation-unobtrusive/LICENSE.txt","Selectors":[],"ResponseHeaders":[{"Name":"Accept-Ranges","Value":"bytes"},{"Name":"Cache-Control","Value":"max-age=31536000, immutable"},{"Name":"Content-Length","Value":"1139"},{"Name":"Content-Type","Value":"text/plain"},{"Name":"ETag","Value":"\"16aFlqtpsG9RyieKZUUUjkJpqTgcJtWXwT312I4Iz1s=\""},{"Name":"Last-Modified","Value":"Fri, 28 Nov 2025 08:29:35 GMT"}],"EndpointProperties":[{"Name":"fingerprint","Value":"356vix0kms"},{"Name":"integrity","Value":"sha256-16aFlqtpsG9RyieKZUUUjkJpqTgcJtWXwT312I4Iz1s="},{"Name":"label","Value":"lib/jquery-validation-unobtrusive/LICENSE.txt"}]},{"Route":"lib/jquery-validation-unobtrusive/LICENSE.txt","AssetFile":"lib/jquery-validation-unobtrusive/LICENSE.txt","Selectors":[],"ResponseHeaders":[{"Name":"Accept-Ranges","Value":"bytes"},{"Name":"Cache-Control","Value":"no-cache"},{"Name":"Content-Length","Value":"1139"},{"Name":"Content-Type","Value":"text/plain"},{"Name":"ETag","Value":"\"16aFlqtpsG9RyieKZUUUjkJpqTgcJtWXwT312I4Iz1s=\""},{"Name":"Last-Modified","Value":"Fri, 28 Nov 2025 08:29:35 GMT"}],"EndpointProperties":[{"Name":"integrity","Value":"sha256-16aFlqtpsG9RyieKZUUUjkJpqTgcJtWXwT312I4Iz1s="}]},{"Route":"lib/jquery-validation-unobtrusive/jquery.validate.unobtrusive.03hjc8e09r.js","AssetFile":"lib/jquery-validation-unobtrusive/jquery.validate.unobtrusive.js","Selectors":[],"ResponseHeaders":[{"Name":"Accept-Ranges","Value":"bytes"},{"Name":"Cache-Control","Value":"max-age=31536000, immutable"},{"Name":"Content-Length","Value":"19820"},{"Name":"Content-Type","Value":"text/javascript"},{"Name":"ETag","Value":"\"xJbBMLGhYbXlPrrrddrSVmduyF6KEtbxEsYxw7hYZV4=\""},{"Name":"Last-Modified","Value":"Fri, 28 Nov 2025 08:29:35 GMT"}],"EndpointProperties":[{"Name":"fingerprint","Value":"03hjc8e09r"},{"Name":"integrity","Value":"sha256-xJbBMLGhYbXlPrrrddrSVmduyF6KEtbxEsYxw7hYZV4="},{"Name":"label","Value":"lib/jquery-validation-unobtrusive/jquery.validate.unobtrusive.js"}]},{"Route":"lib/jquery-validation-unobtrusive/jquery.validate.unobtrusive.js","AssetFile":"lib/jquery-validation-unobtrusive/jquery.validate.unobtrusive.js","Selectors":[],"ResponseHeaders":[{"Name":"Accept-Ranges","Value":"bytes"},{"Name":"Cache-Control","Value":"no-cache"},{"Name":"Content-Length","Value":"19820"},{"Name":"Content-Type","Value":"text/javascript"},{"Name":"ETag","Value":"\"xJbBMLGhYbXlPrrrddrSVmduyF6KEtbxEsYxw7hYZV4=\""},{"Name":"Last-Modified","Value":"Fri, 28 Nov 2025 08:29:35 GMT"}],"EndpointProperties":[{"Name":"integrity","Value":"sha256-xJbBMLGhYbXlPrrrddrSVmduyF6KEtbxEsYxw7hYZV4="}]},{"Route":"lib/jquery-validation-unobtrusive/jquery.validate.unobtrusive.min.48y08845bh.js","AssetFile":"lib/jquery-validation-unobtrusive/jquery.validate.unobtrusive.min.js","Selectors":[],"ResponseHeaders":[{"Name":"Accept-Ranges","Value":"bytes"},{"Name":"Cache-Control","Value":"max-age=31536000, immutable"},{"Name":"Content-Length","Value":"5831"},{"Name":"Content-Type","Value":"text/javascript"},{"Name":"ETag","Value":"\"RFWFWIIPsjB4DucR4jqwxTWw13ZmtI+s6tVR2LJmZXk=\""},{"Name":"Last-Modified","Value":"Fri, 28 Nov 2025 08:29:35 GMT"}],"EndpointProperties":[{"Name":"fingerprint","Value":"48y08845bh"},{"Name":"integrity","Value":"sha256-RFWFWIIPsjB4DucR4jqwxTWw13ZmtI+s6tVR2LJmZXk="},{"Name":"label","Value":"lib/jquery-validation-unobtrusive/jquery.validate.unobtrusive.min.js"}]},{"Route":"lib/jquery-validation-unobtrusive/jquery.validate.unobtrusive.min.js","AssetFile":"lib/jquery-validation-unobtrusive/jquery.validate.unobtrusive.min.js","Selectors":[],"ResponseHeaders":[{"Name":"Accept-Ranges","Value":"bytes"},{"Name":"Cache-Control","Value":"no-cache"},{"Name":"Content-Length","Value":"5831"},{"Name":"Content-Type","Value":"text/javascript"},{"Name":"ETag","Value":"\"RFWFWIIPsjB4DucR4jqwxTWw13ZmtI+s6tVR2LJmZXk=\""},{"Name":"Last-Modified","Value":"Fri, 28 Nov 2025 08:29:35 GMT"}],"EndpointProperties":[{"Name":"integrity","Value":"sha256-RFWFWIIPsjB4DucR4jqwxTWw13ZmtI+s6tVR2LJmZXk="}]},{"Route":"lib/jquery-validation/LICENSE.md","AssetFile":"lib/jquery-validation/LICENSE.md","Selectors":[],"ResponseHeaders":[{"Name":"Accept-Ranges","Value":"bytes"},{"Name":"Cache-Control","Value":"no-cache"},{"Name":"Content-Length","Value":"1117"},{"Name":"Content-Type","Value":"text/markdown"},{"Name":"ETag","Value":"\"geHEkw/WGPdaHQMRq5HuNY9snliNzU/y2OW8ycnhGXw=\""},{"Name":"Last-Modified","Value":"Fri, 28 Nov 2025 08:29:35 GMT"}],"EndpointProperties":[{"Name":"integrity","Value":"sha256-geHEkw/WGPdaHQMRq5HuNY9snliNzU/y2OW8ycnhGXw="}]},{"Route":"lib/jquery-validation/LICENSE.x0q3zqp4vz.md","AssetFile":"lib/jquery-validation/LICENSE.md","Selectors":[],"ResponseHeaders":[{"Name":"Accept-Ranges","Value":"bytes"},{"Name":"Cache-Control","Value":"max-age=31536000, immutable"},{"Name":"Content-Length","Value":"1117"},{"Name":"Content-Type","Value":"text/markdown"},{"Name":"ETag","Value":"\"geHEkw/WGPdaHQMRq5HuNY9snliNzU/y2OW8ycnhGXw=\""},{"Name":"Last-Modified","Value":"Fri, 28 Nov 2025 08:29:35 GMT"}],"EndpointProperties":[{"Name":"fingerprint","Value":"x0q3zqp4vz"},{"Name":"integrity","Value":"sha256-geHEkw/WGPdaHQMRq5HuNY9snliNzU/y2OW8ycnhGXw="},{"Name":"label","Value":"lib/jquery-validation/LICENSE.md"}]},{"Route":"lib/jquery-validation/dist/additional-methods.ay5nd8zt9x.js","AssetFile":"lib/jquery-validation/dist/additional-methods.js","Selectors":[],"ResponseHeaders":[{"Name":"Accept-Ranges","Value":"bytes"},{"Name":"Cache-Control","Value":"max-age=31536000, immutable"},{"Name":"Content-Length","Value":"52977"},{"Name":"Content-Type","Value":"text/javascript"},{"Name":"ETag","Value":"\"4jrcLBsi0Ugm8iLKdqDsAyaCDjkscYZdoGuNH/zqs4E=\""},{"Name":"Last-Modified","Value":"Fri, 28 Nov 2025 08:29:35 GMT"}],"EndpointProperties":[{"Name":"fingerprint","Value":"ay5nd8zt9x"},{"Name":"integrity","Value":"sha256-4jrcLBsi0Ugm8iLKdqDsAyaCDjkscYZdoGuNH/zqs4E="},{"Name":"label","Value":"lib/jquery-validation/dist/additional-methods.js"}]},{"Route":"lib/jquery-validation/dist/additional-methods.js","AssetFile":"lib/jquery-validation/dist/additional-methods.js","Selectors":[],"ResponseHeaders":[{"Name":"Accept-Ranges","Value":"bytes"},{"Name":"Cache-Control","Value":"no-cache"},{"Name":"Content-Length","Value":"52977"},{"Name":"Content-Type","Value":"text/javascript"},{"Name":"ETag","Value":"\"4jrcLBsi0Ugm8iLKdqDsAyaCDjkscYZdoGuNH/zqs4E=\""},{"Name":"Last-Modified","Value":"Fri, 28 Nov 2025 08:29:35 GMT"}],"EndpointProperties":[{"Name":"integrity","Value":"sha256-4jrcLBsi0Ugm8iLKdqDsAyaCDjkscYZdoGuNH/zqs4E="}]},{"Route":"lib/jquery-validation/dist/additional-methods.min.9oaff4kq20.js","AssetFile":"lib/jquery-validation/dist/additional-methods.min.js","Selectors":[],"ResponseHeaders":[{"Name":"Accept-Ranges","Value":"bytes"},{"Name":"Cache-Control","Value":"max-age=31536000, immutable"},{"Name":"Content-Length","Value":"22177"},{"Name":"Content-Type","Value":"text/javascript"},{"Name":"ETag","Value":"\"N11IyJpHTgDcSCb3AfX4VrBnpGQeem1NoNzzgcXVyCc=\""},{"Name":"Last-Modified","Value":"Fri, 28 Nov 2025 08:29:35 GMT"}],"EndpointProperties":[{"Name":"fingerprint","Value":"9oaff4kq20"},{"Name":"integrity","Value":"sha256-N11IyJpHTgDcSCb3AfX4VrBnpGQeem1NoNzzgcXVyCc="},{"Name":"label","Value":"lib/jquery-validation/dist/additional-methods.min.js"}]},{"Route":"lib/jquery-validation/dist/additional-methods.min.js","AssetFile":"lib/jquery-validation/dist/additional-methods.min.js","Selectors":[],"ResponseHeaders":[{"Name":"Accept-Ranges","Value":"bytes"},{"Name":"Cache-Control","Value":"no-cache"},{"Name":"Content-Length","Value":"22177"},{"Name":"Content-Type","Value":"text/javascript"},{"Name":"ETag","Value":"\"N11IyJpHTgDcSCb3AfX4VrBnpGQeem1NoNzzgcXVyCc=\""},{"Name":"Last-Modified","Value":"Fri, 28 Nov 2025 08:29:35 GMT"}],"EndpointProperties":[{"Name":"integrity","Value":"sha256-N11IyJpHTgDcSCb3AfX4VrBnpGQeem1NoNzzgcXVyCc="}]},{"Route":"lib/jquery-validation/dist/jquery.validate.6d0lkjaslc.js","AssetFile":"lib/jquery-validation/dist/jquery.validate.js","Selectors":[],"ResponseHeaders":[{"Name":"Accept-Ranges","Value":"bytes"},{"Name":"Cache-Control","Value":"max-age=31536000, immutable"},{"Name":"Content-Length","Value":"52831"},{"Name":"Content-Type","Value":"text/javascript"},{"Name":"ETag","Value":"\"5qqb5VxQ2t2a6Zx/neW5uppLLvaGn4nn0NdYp6g8Lyg=\""},{"Name":"Last-Modified","Value":"Fri, 28 Nov 2025 08:29:35 GMT"}],"EndpointProperties":[{"Name":"fingerprint","Value":"6d0lkjaslc"},{"Name":"integrity","Value":"sha256-5qqb5VxQ2t2a6Zx/neW5uppLLvaGn4nn0NdYp6g8Lyg="},{"Name":"label","Value":"lib/jquery-validation/dist/jquery.validate.js"}]},{"Route":"lib/jquery-validation/dist/jquery.validate.js","AssetFile":"lib/jquery-validation/dist/jquery.validate.js","Selectors":[],"ResponseHeaders":[{"Name":"Accept-Ranges","Value":"bytes"},{"Name":"Cache-Control","Value":"no-cache"},{"Name":"Content-Length","Value":"52831"},{"Name":"Content-Type","Value":"text/javascript"},{"Name":"ETag","Value":"\"5qqb5VxQ2t2a6Zx/neW5uppLLvaGn4nn0NdYp6g8Lyg=\""},{"Name":"Last-Modified","Value":"Fri, 28 Nov 2025 08:29:35 GMT"}],"EndpointProperties":[{"Name":"integrity","Value":"sha256-5qqb5VxQ2t2a6Zx/neW5uppLLvaGn4nn0NdYp6g8Lyg="}]},{"Route":"lib/jquery-validation/dist/jquery.validate.min.js","AssetFile":"lib/jquery-validation/dist/jquery.validate.min.js","Selectors":[],"ResponseHeaders":[{"Name":"Accept-Ranges","Value":"bytes"},{"Name":"Cache-Control","Value":"no-cache"},{"Name":"Content-Length","Value":"24604"},{"Name":"Content-Type","Value":"text/javascript"},{"Name":"ETag","Value":"\"6e0N+WJiVKBeTitK1GKSwPi3rbdPpLtuqaiitZjeD2w=\""},{"Name":"Last-Modified","Value":"Fri, 28 Nov 2025 08:29:35 GMT"}],"EndpointProperties":[{"Name":"integrity","Value":"sha256-6e0N+WJiVKBeTitK1GKSwPi3rbdPpLtuqaiitZjeD2w="}]},{"Route":"lib/jquery-validation/dist/jquery.validate.min.l1zq2mitth.js","AssetFile":"lib/jquery-validation/dist/jquery.validate.min.js","Selectors":[],"ResponseHeaders":[{"Name":"Accept-Ranges","Value":"bytes"},{"Name":"Cache-Control","Value":"max-age=31536000, immutable"},{"Name":"Content-Length","Value":"24604"},{"Name":"Content-Type","Value":"text/javascript"},{"Name":"ETag","Value":"\"6e0N+WJiVKBeTitK1GKSwPi3rbdPpLtuqaiitZjeD2w=\""},{"Name":"Last-Modified","Value":"Fri, 28 Nov 2025 08:29:35 GMT"}],"EndpointProperties":[{"Name":"fingerprint","Value":"l1zq2mitth"},{"Name":"integrity","Value":"sha256-6e0N+WJiVKBeTitK1GKSwPi3rbdPpLtuqaiitZjeD2w="},{"Name":"label","Value":"lib/jquery-validation/dist/jquery.validate.min.js"}]},{"Route":"lib/jquery/LICENSE.mlv21k5csn.txt","AssetFile":"lib/jquery/LICENSE.txt","Selectors":[],"ResponseHeaders":[{"Name":"Accept-Ranges","Value":"bytes"},{"Name":"Cache-Control","Value":"max-age=31536000, immutable"},{"Name":"Content-Length","Value":"1117"},{"Name":"Content-Type","Value":"text/plain"},{"Name":"ETag","Value":"\"hjIBkvmgxQXbNXK3B9YQ3t06RwLuQSQzC/dpvuB/lMk=\""},{"Name":"Last-Modified","Value":"Fri, 28 Nov 2025 08:29:35 GMT"}],"EndpointProperties":[{"Name":"fingerprint","Value":"mlv21k5csn"},{"Name":"integrity","Value":"sha256-hjIBkvmgxQXbNXK3B9YQ3t06RwLuQSQzC/dpvuB/lMk="},{"Name":"label","Value":"lib/jquery/LICENSE.txt"}]},{"Route":"lib/jquery/LICENSE.txt","AssetFile":"lib/jquery/LICENSE.txt","Selectors":[],"ResponseHeaders":[{"Name":"Accept-Ranges","Value":"bytes"},{"Name":"Cache-Control","Value":"no-cache"},{"Name":"Content-Length","Value":"1117"},{"Name":"Content-Type","Value":"text/plain"},{"Name":"ETag","Value":"\"hjIBkvmgxQXbNXK3B9YQ3t06RwLuQSQzC/dpvuB/lMk=\""},{"Name":"Last-Modified","Value":"Fri, 28 Nov 2025 08:29:35 GMT"}],"EndpointProperties":[{"Name":"integrity","Value":"sha256-hjIBkvmgxQXbNXK3B9YQ3t06RwLuQSQzC/dpvuB/lMk="}]},{"Route":"lib/jquery/dist/jquery.7s2n0ol71w.js","AssetFile":"lib/jquery/dist/jquery.js","Selectors":[],"ResponseHeaders":[{"Name":"Accept-Ranges","Value":"bytes"},{"Name":"Cache-Control","Value":"max-age=31536000, immutable"},{"Name":"Content-Length","Value":"299461"},{"Name":"Content-Type","Value":"text/javascript"},{"Name":"ETag","Value":"\"KSI/3xxCrCexCupdzQJRP1B6Iqg+2NA+X2u38cQdqq8=\""},{"Name":"Last-Modified","Value":"Fri, 28 Nov 2025 08:29:35 GMT"}],"EndpointProperties":[{"Name":"fingerprint","Value":"7s2n0ol71w"},{"Name":"integrity","Value":"sha256-KSI/3xxCrCexCupdzQJRP1B6Iqg+2NA+X2u38cQdqq8="},{"Name":"label","Value":"lib/jquery/dist/jquery.js"}]},{"Route":"lib/jquery/dist/jquery.js","AssetFile":"lib/jquery/dist/jquery.js","Selectors":[],"ResponseHeaders":[{"Name":"Accept-Ranges","Value":"bytes"},{"Name":"Cache-Control","Value":"no-cache"},{"Name":"Content-Length","Value":"299461"},{"Name":"Content-Type","Value":"text/javascript"},{"Name":"ETag","Value":"\"KSI/3xxCrCexCupdzQJRP1B6Iqg+2NA+X2u38cQdqq8=\""},{"Name":"Last-Modified","Value":"Fri, 28 Nov 2025 08:29:35 GMT"}],"EndpointProperties":[{"Name":"integrity","Value":"sha256-KSI/3xxCrCexCupdzQJRP1B6Iqg+2NA+X2u38cQdqq8="}]},{"Route":"lib/jquery/dist/jquery.min.5pze98is44.map","AssetFile":"lib/jquery/dist/jquery.min.map","Selectors":[],"ResponseHeaders":[{"Name":"Accept-Ranges","Value":"bytes"},{"Name":"Cache-Control","Value":"max-age=31536000, immutable"},{"Name":"Content-Length","Value":"137972"},{"Name":"Content-Type","Value":"text/plain"},{"Name":"ETag","Value":"\"OZVI+w57FGwS9boYCZpH1ZSpcP7pYhLu4KtIUvPlZ4I=\""},{"Name":"Last-Modified","Value":"Fri, 28 Nov 2025 08:29:35 GMT"}],"EndpointProperties":[{"Name":"fingerprint","Value":"5pze98is44"},{"Name":"integrity","Value":"sha256-OZVI+w57FGwS9boYCZpH1ZSpcP7pYhLu4KtIUvPlZ4I="},{"Name":"label","Value":"lib/jquery/dist/jquery.min.map"}]},{"Route":"lib/jquery/dist/jquery.min.ehgnz7f14e.js","AssetFile":"lib/jquery/dist/jquery.min.js","Selectors":[],"ResponseHeaders":[{"Name":"Accept-Ranges","Value":"bytes"},{"Name":"Cache-Control","Value":"max-age=31536000, immutable"},{"Name":"Content-Length","Value":"89503"},{"Name":"Content-Type","Value":"text/javascript"},{"Name":"ETag","Value":"\"zp0HUArZHsK1JMJwdk7EyaM+eDINjTdOxADt5Ij2JRs=\""},{"Name":"Last-Modified","Value":"Fri, 28 Nov 2025 08:29:35 GMT"}],"EndpointProperties":[{"Name":"fingerprint","Value":"ehgnz7f14e"},{"Name":"integrity","Value":"sha256-zp0HUArZHsK1JMJwdk7EyaM+eDINjTdOxADt5Ij2JRs="},{"Name":"label","Value":"lib/jquery/dist/jquery.min.js"}]},{"Route":"lib/jquery/dist/jquery.min.js","AssetFile":"lib/jquery/dist/jquery.min.js","Selectors":[],"ResponseHeaders":[{"Name":"Accept-Ranges","Value":"bytes"},{"Name":"Cache-Control","Value":"no-cache"},{"Name":"Content-Length","Value":"89503"},{"Name":"Content-Type","Value":"text/javascript"},{"Name":"ETag","Value":"\"zp0HUArZHsK1JMJwdk7EyaM+eDINjTdOxADt5Ij2JRs=\""},{"Name":"Last-Modified","Value":"Fri, 28 Nov 2025 08:29:35 GMT"}],"EndpointProperties":[{"Name":"integrity","Value":"sha256-zp0HUArZHsK1JMJwdk7EyaM+eDINjTdOxADt5Ij2JRs="}]},{"Route":"lib/jquery/dist/jquery.min.map","AssetFile":"lib/jquery/dist/jquery.min.map","Selectors":[],"ResponseHeaders":[{"Name":"Accept-Ranges","Value":"bytes"},{"Name":"Cache-Control","Value":"no-cache"},{"Name":"Content-Length","Value":"137972"},{"Name":"Content-Type","Value":"text/plain"},{"Name":"ETag","Value":"\"OZVI+w57FGwS9boYCZpH1ZSpcP7pYhLu4KtIUvPlZ4I=\""},{"Name":"Last-Modified","Value":"Fri, 28 Nov 2025 08:29:35 GMT"}],"EndpointProperties":[{"Name":"integrity","Value":"sha256-OZVI+w57FGwS9boYCZpH1ZSpcP7pYhLu4KtIUvPlZ4I="}]}]}